,domain_no,hmm_species,chain_type,e-value,score,seqstart_index,seqend_index,identity_species,v_gene,v_identity,j_gene,j_identity,unaligned_len,resolution,method,r_factor,date,year,dataset
7DF1:L,0,human,K,6.1e-61,195.1,0,111,,,0.0,,0.0,112,2.806,X-RAY DIFFRACTION,0.217,2022-12-07,2022,test_new_234
7E9O:L,0,rhesus,K,8.3e-58,185.2,0,112,,,0.0,,0.0,218,0.0,ELECTRON MICROSCOPY,,2022-03-09,2022,test_new_234
7FGJ:L,0,mouse,L,1.7999999999999997e-55,177.5,0,115,,,0.0,,0.0,217,1.89,X-RAY DIFFRACTION,0.196,2022-07-27,2022,test_new_234
7FGK:L,0,mouse,L,1.7999999999999997e-55,177.4,0,115,,,0.0,,0.0,218,2.3,X-RAY DIFFRACTION,0.199,2022-07-27,2022,test_new_234
7FGL:L,0,mouse,L,1.9e-55,177.4,0,115,,,0.0,,0.0,219,2.1,X-RAY DIFFRACTION,0.2,2022-07-27,2022,test_new_234
7FGR:L,0,mouse,L,1.7999999999999997e-55,177.5,0,115,,,0.0,,0.0,217,2.2,X-RAY DIFFRACTION,0.2,2022-07-27,2022,test_new_234
7FJC:L,0,rhesus,K,3.8e-60,192.7,0,107,,,0.0,,0.0,214,2.96,X-RAY DIFFRACTION,0.212,2022-08-10,2022,test_new_234
7MYT:L,0,rhesus,L,2.1000000000000002e-48,154.8,0,110,,,0.0,,0.0,214,2.1,X-RAY DIFFRACTION,0.173,2022-11-09,2022,test_new_234
7OX1:L,0,pig,L,2.4e-48,154.8,0,108,,,0.0,,0.0,211,2.49,X-RAY DIFFRACTION,0.209,2022-12-28,2022,test_new_234
7OX3:L,0,rhesus,L,8.2e-47,149.7,0,106,,,0.0,,0.0,209,1.7,X-RAY DIFFRACTION,0.176,2022-12-28,2022,test_new_234
7OX4:L,0,rhesus,L,4.7999999999999997e-35,111.7,0,97,,,0.0,,0.0,200,1.8,X-RAY DIFFRACTION,0.183,2022-12-28,2022,test_new_234
7PHS:L,0,cow,L,2.6e-52,167.4,0,109,,,0.0,,0.0,211,2.77,X-RAY DIFFRACTION,0.273,2022-09-07,2022,test_new_234
7QT0:L,0,mouse,K,1.6e-52,168.0,0,107,,,0.0,,0.0,211,2.07,X-RAY DIFFRACTION,0.242,2023-05-24,2023,test_new_234
7QT2:L,0,mouse,K,5.3e-52,166.4,0,107,,,0.0,,0.0,214,1.92,X-RAY DIFFRACTION,0.195,2023-05-24,2023,test_new_234
7QT3:L,0,mouse,K,1.9e-53,171.0,0,107,,,0.0,,0.0,212,1.7,X-RAY DIFFRACTION,0.201,2023-05-24,2023,test_new_234
7QT4:L,0,mouse,K,3e-51,163.9,0,107,,,0.0,,0.0,211,2.32,X-RAY DIFFRACTION,0.209,2023-05-24,2023,test_new_234
7QTI:L,0,rhesus,K,2.4e-57,183.7,0,108,,,0.0,,0.0,215,0.0,ELECTRON MICROSCOPY,,2022-08-03,2022,test_new_234
7QTJ:L,0,human,K,1.3e-54,174.7,0,107,,,0.0,,0.0,214,0.0,ELECTRON MICROSCOPY,,2022-08-03,2022,test_new_234
7QTK:L,0,human,K,1.3e-54,174.7,0,107,,,0.0,,0.0,214,0.0,ELECTRON MICROSCOPY,,2022-08-03,2022,test_new_234
7QU1:L,0,mouse,K,5.2e-51,163.2,0,107,,,0.0,,0.0,213,1.91,X-RAY DIFFRACTION,0.194,2022-01-17,2022,test_new_234
7QU2:L,0,mouse,K,1e-48,155.7,0,107,,,0.0,,0.0,213,2.5,X-RAY DIFFRACTION,0.223,2022-01-17,2022,test_new_234
7QUH:L,0,human,K,1.8e-52,167.7,0,106,,,0.0,,0.0,212,2.867,X-RAY DIFFRACTION,0.225,2023-05-31,2023,test_new_234
7R40:L,0,human,K,7.5999999999999995e-56,178.6,0,106,,,0.0,,0.0,107,2.9,ELECTRON MICROSCOPY,,2022-02-08,2022,test_new_234
7R58:L,0,rhesus,K,1.2999999999999999e-61,197.4,0,112,,,0.0,,0.0,218,1.902,X-RAY DIFFRACTION,0.186,2022-11-16,2022,test_new_234
7RA7:L,0,rabbit,K,1.9e-51,164.4,0,113,,,0.0,,0.0,217,2.2,X-RAY DIFFRACTION,0.215,2022-07-06,2022,test_new_234
7RE7:L,0,human,L,1.9e-52,167.9,0,109,,,0.0,,0.0,211,2.547,X-RAY DIFFRACTION,0.18,2022-07-27,2022,test_new_234
7RE9:L,0,human,L,3.1e-52,167.2,0,108,,,0.0,,0.0,211,2.77,X-RAY DIFFRACTION,0.223,2022-07-27,2022,test_new_234
7RPT:L,0,human,K,2.7e-53,170.4,0,112,,,0.0,,0.0,218,2.5,X-RAY DIFFRACTION,0.198,2022-07-13,2022,test_new_234
7RPU:L,0,human,K,2.7e-53,170.4,0,112,,,0.0,,0.0,218,1.27,X-RAY DIFFRACTION,0.141,2022-07-13,2022,test_new_234
7RU3:L,0,rhesus,K,3.2e-57,183.3,0,106,,,0.0,,0.0,107,0.0,ELECTRON MICROSCOPY,,2022-08-24,2022,test_new_234
7RU4:L,0,rhesus,K,2.8e-58,186.7,0,107,,,0.0,,0.0,108,0.0,ELECTRON MICROSCOPY,,2022-08-24,2022,test_new_234
7RU5:L,0,human,K,3.6e-58,186.2,0,106,,,0.0,,0.0,107,0.0,ELECTRON MICROSCOPY,,2022-08-24,2022,test_new_234
7RU8:L,0,human,K,3.6e-58,186.2,0,106,,,0.0,,0.0,107,0.0,ELECTRON MICROSCOPY,,2022-08-24,2022,test_new_234
7S08:L,0,human,K,1e-53,171.8,0,108,,,0.0,,0.0,214,2.42,X-RAY DIFFRACTION,0.212,2022-11-09,2022,test_new_234
7S0J:L,0,human,K,8e-55,175.3,0,107,,,0.0,,0.0,213,2.15,X-RAY DIFFRACTION,0.235,2022-11-09,2022,test_new_234
7S5P:L,0,human,L,9.999999999999999e-51,162.3,0,107,,,0.0,,0.0,210,2.86,X-RAY DIFFRACTION,0.208,2022-03-09,2022,test_new_234
7S5Q:L,0,human,K,1.4e-57,184.2,0,107,,,0.0,,0.0,212,2.88,X-RAY DIFFRACTION,0.216,2022-03-09,2022,test_new_234
7S5R:L,0,human,K,1.4e-57,184.2,0,107,,,0.0,,0.0,212,2.45,X-RAY DIFFRACTION,0.207,2022-03-09,2022,test_new_234
7S7I:L,0,human,K,9e-57,181.6,0,107,,,0.0,,0.0,213,2.4,X-RAY DIFFRACTION,0.22,2022-10-05,2022,test_new_234
7SA6:L,0,rhesus,K,2.5e-52,167.5,0,112,,,0.0,,0.0,216,2.9,X-RAY DIFFRACTION,0.249,2022-10-05,2022,test_new_234
7SBZ:L,0,rhesus,K,2.3e-52,167.6,0,112,,,0.0,,0.0,209,2.9,X-RAY DIFFRACTION,0.248,2022-10-05,2022,test_new_234
7SIX:L,0,rhesus,K,7.499999999999999e-61,195.0,0,107,,,0.0,,0.0,108,0.0,ELECTRON MICROSCOPY,,2022-11-16,2022,test_new_234
7SJ0:L,0,rhesus,L,2.7e-53,170.7,0,107,,,0.0,,0.0,108,0.0,ELECTRON MICROSCOPY,,2022-11-16,2022,test_new_234
7SJM:L,0,rhesus,K,6.7e-56,179.0,0,106,,,0.0,,0.0,212,1.8,X-RAY DIFFRACTION,0.171,2022-09-07,2022,test_new_234
7SJN:L,0,rhesus,K,1.1e-56,181.5,0,105,,,0.0,,0.0,106,0.0,ELECTRON MICROSCOPY,,2022-09-07,2022,test_new_234
7SJO:L,0,rhesus,K,6.7e-56,179.0,0,106,,,0.0,,0.0,212,0.0,ELECTRON MICROSCOPY,,2022-09-07,2022,test_new_234
7SJP:L,0,rhesus,K,6.7e-56,179.0,0,106,,,0.0,,0.0,212,2.1,X-RAY DIFFRACTION,0.168,2022-09-07,2022,test_new_234
7SK3:L,0,human,K,9.2e-57,181.6,0,105,,,0.0,,0.0,106,0.0,ELECTRON MICROSCOPY,,2022-07-27,2022,test_new_234
7SK4:L,0,human,K,2.4e-50,160.9,0,100,,,0.0,,0.0,101,0.0,ELECTRON MICROSCOPY,,2022-07-27,2022,test_new_234
7SK5:L,0,rhesus,K,9.800000000000001e-57,181.7,0,107,,,0.0,,0.0,211,0.0,ELECTRON MICROSCOPY,,2022-07-27,2022,test_new_234
7SK7:L,0,rhesus,K,1.5e-56,181.1,0,106,,,0.0,,0.0,211,0.0,ELECTRON MICROSCOPY,,2022-07-27,2022,test_new_234
7SK8:L,0,rhesus,K,1.8e-57,184.1,0,106,,,0.0,,0.0,107,0.0,ELECTRON MICROSCOPY,,2022-07-27,2022,test_new_234
7SK9:L,0,rhesus,K,9.900000000000001e-57,181.7,0,107,,,0.0,,0.0,212,0.0,ELECTRON MICROSCOPY,,2022-07-27,2022,test_new_234
7SKZ:L,0,human,K,4.1e-57,182.7,0,108,,,0.0,,0.0,215,1.86,X-RAY DIFFRACTION,0.199,2022-07-20,2022,test_new_234
7SL5:L,0,human,K,3.800000000000001e-58,186.1,0,108,,,0.0,,0.0,215,2.5,X-RAY DIFFRACTION,0.195,2022-07-20,2022,test_new_234
7SSC:L,0,human,K,1.4e-56,181.0,0,108,,,0.0,,0.0,214,1.8,X-RAY DIFFRACTION,0.15,2022-10-19,2022,test_new_234
7ST5:L,0,human,K,1.4e-58,187.5,0,107,,,0.0,,0.0,211,2.2,X-RAY DIFFRACTION,0.245,2023-05-17,2023,test_new_234
7STR:L,0,rhesus,K,6.6e-58,185.5,0,108,,,0.0,,0.0,214,1.5,X-RAY DIFFRACTION,0.161,2022-08-10,2022,test_new_234
7STS:L,0,human,L,7.999999999999998e-54,172.3,0,110,,,0.0,,0.0,212,2.16,X-RAY DIFFRACTION,0.19,2022-08-10,2022,test_new_234
7SUE:L,0,human,L,2.2e-51,164.4,0,109,,,0.0,,0.0,212,2.9,X-RAY DIFFRACTION,0.262,2022-08-10,2022,test_new_234
7SWW:L,0,mouse,K,3.5000000000000005e-57,183.1,0,111,,,0.0,,0.0,112,0.0,ELECTRON MICROSCOPY,,2022-11-23,2022,test_new_234
7SWX:L,0,mouse,K,3.5000000000000005e-57,183.1,0,111,,,0.0,,0.0,112,0.0,ELECTRON MICROSCOPY,,2022-11-23,2022,test_new_234
7SX7:L,0,rhesus,L,3e-38,122.0,0,97,,,0.0,,0.0,202,2.15,X-RAY DIFFRACTION,0.209,2022-11-30,2022,test_new_234
7SZU:L,0,rhesus,K,2.2e-56,180.6,0,107,,,0.0,,0.0,213,2.24,X-RAY DIFFRACTION,0.219,2022-07-06,2022,test_new_234
7T0F:L,0,mouse,K,1.8e-56,180.8,0,111,,,0.0,,0.0,218,2.0,X-RAY DIFFRACTION,0.214,2022-04-20,2022,test_new_234
7T0L:L,0,mouse,K,2.9e-53,170.4,0,108,,,0.0,,0.0,211,3.0,X-RAY DIFFRACTION,0.198,2022-12-07,2022,test_new_234
7T17:L,0,rhesus,L,5.7e-51,163.2,0,109,,,0.0,,0.0,110,0.0,ELECTRON MICROSCOPY,,2022-11-23,2022,test_new_234
7T25:L,0,human,K,8.6e-57,181.7,0,108,,,0.0,,0.0,213,2.25,X-RAY DIFFRACTION,0.191,2022-12-14,2022,test_new_234
7T3M:L,0,rhesus,L,2.3e-54,174.1,0,109,,,0.0,,0.0,110,0.0,ELECTRON MICROSCOPY,,2022-08-24,2022,test_new_234
7T5O:L,0,human,L,4.2999999999999994e-49,157.0,0,110,,,0.0,,0.0,213,0.0,ELECTRON MICROSCOPY,,2023-01-25,2023,test_new_234
7T7B:L,0,human,K,2.699999999999999e-55,176.9,0,106,,,0.0,,0.0,210,2.59,X-RAY DIFFRACTION,0.221,2022-08-03,2022,test_new_234
7T86:L,0,human,K,1.4999999999999999e-55,177.7,0,107,,,0.0,,0.0,213,1.9,X-RAY DIFFRACTION,0.196,2023-01-11,2023,test_new_234
7T87:L,0,mouse,K,6.3e-53,169.3,0,108,,,0.0,,0.0,213,3.0,X-RAY DIFFRACTION,0.196,2023-01-11,2023,test_new_234
7T97:L,0,rhesus,K,8.3e-56,178.7,0,107,,,0.0,,0.0,212,2.144,X-RAY DIFFRACTION,0.194,2022-10-12,2022,test_new_234
7T98:L,0,rhesus,K,7.9e-55,175.5,0,107,,,0.0,,0.0,212,2.97,X-RAY DIFFRACTION,0.192,2022-10-12,2022,test_new_234
7T99:L,0,rhesus,K,8.3e-56,178.7,0,107,,,0.0,,0.0,212,2.65,X-RAY DIFFRACTION,0.184,2022-10-12,2022,test_new_234
7T9N:L,0,rhesus,L,3.1e-50,160.8,0,110,,,0.0,,0.0,212,0.0,ELECTRON MICROSCOPY,,2022-08-03,2022,test_new_234
7TCQ:L,0,mouse,K,2.4e-50,161.0,0,105,,,0.0,,0.0,211,2.02,X-RAY DIFFRACTION,0.172,2022-08-03,2022,test_new_234
7TCT:L,0,mouse,K,4.5000000000000005e-48,153.7,0,107,,,0.0,,0.0,214,2.501,X-RAY DIFFRACTION,0.195,2022-08-17,2022,test_new_234
7TD8:L,0,mouse,K,4.5000000000000005e-48,153.7,0,107,,,0.0,,0.0,214,2.6,X-RAY DIFFRACTION,0.182,2022-08-17,2022,test_new_234
7TE4:L,0,mouse,K,4e-51,163.5,0,106,,,0.0,,0.0,206,2.456,X-RAY DIFFRACTION,0.261,2022-01-04,2022,test_new_234
7THO:L,0,mouse,K,4.5000000000000005e-48,153.7,0,107,,,0.0,,0.0,214,2.75,X-RAY DIFFRACTION,0.189,2022-08-17,2022,test_new_234
7TI6:L,0,human,K,9e-57,181.6,0,107,,,0.0,,0.0,213,2.64,X-RAY DIFFRACTION,0.229,2022-10-05,2022,test_new_234
7TJQ:L,0,rhesus,L,1.7e-51,164.8,0,106,,,0.0,,0.0,107,0.0,ELECTRON MICROSCOPY,,2022-09-14,2022,test_new_234
7TL0:L,0,human,K,7.999999999999998e-54,172.1,0,104,,,0.0,,0.0,105,0.0,ELECTRON MICROSCOPY,,2022-09-14,2022,test_new_234
7TLY:L,0,human,K,3.5e-50,160.3,0,100,,,0.0,,0.0,101,3.0,ELECTRON MICROSCOPY,,2022-01-19,2022,test_new_234
7TMZ:L,0,mouse,K,4.5000000000000005e-48,153.7,0,107,,,0.0,,0.0,214,2.20002,X-RAY DIFFRACTION,0.214,2022-08-17,2022,test_new_234
7TN0:L,0,human,K,8.4e-56,178.5,0,107,,,0.0,,0.0,214,2.85,X-RAY DIFFRACTION,0.23,2022-01-20,2022,test_new_234
7TN9:L,0,human,K,1.4e-60,194.0,0,112,,,0.0,,0.0,113,0.0,ELECTRON MICROSCOPY,,2023-01-25,2023,test_new_234
7TOW:L,0,human,K,1.5e-56,181.0,0,108,,,0.0,,0.0,214,2.15,X-RAY DIFFRACTION,0.167,2022-01-24,2022,test_new_234
7TP3:L,0,human,K,2.2e-54,173.9,0,107,,,0.0,,0.0,214,2.33,X-RAY DIFFRACTION,0.185,2022-01-24,2022,test_new_234
7TP4:L,0,rhesus,L,3.8e-54,173.4,0,108,,,0.0,,0.0,211,1.95,X-RAY DIFFRACTION,0.205,2022-01-24,2022,test_new_234
7TPD:L,0,mouse,K,4.5000000000000005e-48,153.7,0,107,,,0.0,,0.0,214,2.6,X-RAY DIFFRACTION,0.165,2022-08-17,2022,test_new_234
7TQA:L,0,human,K,5.1e-57,182.4,0,112,,,0.0,,0.0,219,2.328,X-RAY DIFFRACTION,0.179,2022-01-26,2022,test_new_234
7TQG:L,0,rhesus,L,2e-51,164.6,0,106,,,0.0,,0.0,208,2.07,X-RAY DIFFRACTION,0.224,2023-03-01,2023,test_new_234
7TR4:L,0,cow,L,2.8e-50,160.9,0,109,,,0.0,,0.0,211,2.3,X-RAY DIFFRACTION,0.223,2022-11-23,2022,test_new_234
7TRH:L,0,rhesus,L,6.5999999999999995e-46,146.8,0,110,,,0.0,,0.0,214,3.0,X-RAY DIFFRACTION,0.202,2023-08-02,2023,test_new_234
7TTM:L,0,rat,L,5.2e-53,169.7,0,110,,,0.0,,0.0,213,2.24,X-RAY DIFFRACTION,0.201,2022-02-01,2022,test_new_234
7TTX:L,0,rat,L,5.2e-53,169.7,0,110,,,0.0,,0.0,213,2.8,X-RAY DIFFRACTION,0.222,2022-02-02,2022,test_new_234
7TUF:L,0,mouse,K,1.1e-50,162.1,0,106,,,0.0,,0.0,210,2.8,X-RAY DIFFRACTION,0.231,2022-09-07,2022,test_new_234
7TUH:L,0,mouse,K,1.1e-56,181.6,0,113,,,0.0,,0.0,217,2.3,X-RAY DIFFRACTION,0.218,2022-09-07,2022,test_new_234
7TUS:L,0,human,K,5.000000000000001e-58,185.7,0,112,,,0.0,,0.0,216,2.4,X-RAY DIFFRACTION,0.218,2022-02-03,2022,test_new_234
7TUY:L,0,rhesus,K,4.8e-57,182.7,0,108,,,0.0,,0.0,212,2.98,ELECTRON MICROSCOPY,,2022-02-03,2022,test_new_234
7TXT:L,0,mouse,K,2.3e-52,167.5,0,110,,,0.0,,0.0,111,3.0,ELECTRON MICROSCOPY,,2023-03-15,2023,test_new_234
7TXW:L,0,human,K,1.1e-55,178.1,0,112,,,0.0,,0.0,217,2.17,X-RAY DIFFRACTION,0.177,2023-04-12,2023,test_new_234
7TYV:L,0,human,K,3.2999999999999996e-53,170.1,0,104,,,0.0,,0.0,209,2.8,ELECTRON MICROSCOPY,,2022-02-14,2022,test_new_234
7U04:L,0,rhesus,L,3.8e-46,147.6,0,104,,,0.0,,0.0,208,2.31,X-RAY DIFFRACTION,0.217,2022-08-24,2022,test_new_234
7U09:L,0,human,L,1.8e-48,155.0,0,106,,,0.0,,0.0,208,2.1,X-RAY DIFFRACTION,0.19,2022-08-03,2022,test_new_234
7U0A:L,0,human,K,1.2e-52,168.3,0,107,,,0.0,,0.0,213,1.7,X-RAY DIFFRACTION,0.154,2022-08-03,2022,test_new_234
7U0B:L,0,human,K,1.2e-58,187.7,0,107,,,0.0,,0.0,212,2.79,X-RAY DIFFRACTION,0.212,2022-02-17,2022,test_new_234
7U0E:L,0,rhesus,L,1.4999999999999996e-47,152.1,0,106,,,0.0,,0.0,211,2.1,X-RAY DIFFRACTION,0.179,2022-08-03,2022,test_new_234
7U0K:L,0,human,L,3.3999999999999997e-49,157.3,0,107,,,0.0,,0.0,210,1.73,X-RAY DIFFRACTION,0.186,2022-08-24,2022,test_new_234
7U0X:L,0,human,L,1.0999999999999999e-53,171.9,0,110,,,0.0,,0.0,216,0.0,ELECTRON MICROSCOPY,,2023-03-01,2023,test_new_234
7U0Y:L,0,rhesus,K,2.1e-56,180.6,0,107,,,0.0,,0.0,211,2.66,X-RAY DIFFRACTION,0.219,2022-08-31,2022,test_new_234
7U2D:L,0,rhesus,L,4.2e-51,163.6,0,112,,,0.0,,0.0,215,2.76,X-RAY DIFFRACTION,0.22,2022-02-23,2022,test_new_234
7U2E:L,0,rhesus,L,1.4e-52,168.4,0,112,,,0.0,,0.0,215,2.85,X-RAY DIFFRACTION,0.254,2022-02-23,2022,test_new_234
7U5B:L,0,human,K,7.7e-54,172.2,0,110,,,0.0,,0.0,216,2.371,X-RAY DIFFRACTION,0.222,2022-12-14,2022,test_new_234
7U5G:L,0,human,L,5.6e-50,159.9,0,107,,,0.0,,0.0,212,1.84,X-RAY DIFFRACTION,0.222,2022-11-02,2022,test_new_234
7U60:L,0,mouse,K,4.5000000000000005e-48,153.7,0,107,,,0.0,,0.0,214,2.55,X-RAY DIFFRACTION,0.188,2022-08-17,2022,test_new_234
7U61:L,0,mouse,L,2.2e-56,180.4,0,108,,,0.0,,0.0,210,2.1,X-RAY DIFFRACTION,0.23,2023-01-11,2023,test_new_234
7U62:L,0,mouse,L,1.3000000000000002e-60,194.2,0,109,,,0.0,,0.0,212,1.82,X-RAY DIFFRACTION,0.17,2023-01-11,2023,test_new_234
7U63:L,0,mouse,L,5.6e-60,192.1,0,109,,,0.0,,0.0,209,2.3,X-RAY DIFFRACTION,0.226,2023-01-11,2023,test_new_234
7U64:L,0,rhesus,K,8.5e-52,165.7,0,112,,,0.0,,0.0,216,1.75,X-RAY DIFFRACTION,0.197,2023-01-11,2023,test_new_234
7U8C:L,0,mouse,L,6.100000000000001e-59,188.7,0,109,,,0.0,,0.0,213,1.74,X-RAY DIFFRACTION,0.204,2022-03-08,2022,test_new_234
7U8E:L,0,human,L,2.2e-49,158.0,0,114,,,0.0,,0.0,216,2.29,X-RAY DIFFRACTION,0.204,2023-03-15,2023,test_new_234
7U8G:L,0,rabbit,K,1.1e-55,178.2,0,109,,,0.0,,0.0,110,0.0,ELECTRON MICROSCOPY,,2022-10-26,2022,test_new_234
7U9F:L,0,mouse,K,4.5000000000000005e-48,153.7,0,107,,,0.0,,0.0,214,2.70001,X-RAY DIFFRACTION,0.217,2022-08-17,2022,test_new_234
7U9O:L,0,human,K,5e-56,179.2,0,105,,,0.0,,0.0,188,0.0,ELECTRON MICROSCOPY,,2022-11-23,2022,test_new_234
7U9P:L,0,human,K,2e-59,190.2,0,106,,,0.0,,0.0,153,0.0,ELECTRON MICROSCOPY,,2022-11-23,2022,test_new_234
7U9V:L,0,mouse,K,4.5000000000000005e-48,153.7,0,107,,,0.0,,0.0,214,2.25492,X-RAY DIFFRACTION,0.203,2022-08-17,2022,test_new_234
7UAP:L,0,human,L,1e-48,155.8,0,111,,,0.0,,0.0,112,2.8,ELECTRON MICROSCOPY,,2022-03-13,2022,test_new_234
7UBR:L,0,mouse,K,4.5000000000000005e-48,153.7,0,107,,,0.0,,0.0,214,2.04993,X-RAY DIFFRACTION,0.209,2022-08-17,2022,test_new_234
7UCE:L,0,rhesus,L,3.4999999999999996e-43,138.0,0,98,,,0.0,,0.0,201,2.25,X-RAY DIFFRACTION,0.204,2022-08-17,2022,test_new_234
7UCX:L,0,human,K,1.4e-53,171.4,0,112,,,0.0,,0.0,218,1.72,X-RAY DIFFRACTION,0.205,2023-01-18,2023,test_new_234
7UCY:L,0,mouse,K,4.5000000000000005e-48,153.7,0,107,,,0.0,,0.0,214,2.34996,X-RAY DIFFRACTION,0.221,2022-08-17,2022,test_new_234
7UDG:L,0,mouse,K,4.5000000000000005e-48,153.7,0,107,,,0.0,,0.0,214,2.80007,X-RAY DIFFRACTION,0.213,2022-08-17,2022,test_new_234
7UDH:L,0,mouse,K,4.5000000000000005e-48,153.7,0,107,,,0.0,,0.0,214,1.99999,X-RAY DIFFRACTION,0.185,2022-08-17,2022,test_new_234
7UE0:L,0,mouse,K,4.5000000000000005e-48,153.7,0,107,,,0.0,,0.0,214,2.74196,X-RAY DIFFRACTION,0.225,2022-08-17,2022,test_new_234
7UE9:L,0,rhesus,K,4e-55,176.5,0,112,,,0.0,,0.0,219,1.75,X-RAY DIFFRACTION,0.171,2022-03-21,2022,test_new_234
7UED:L,0,mouse,K,5.9e-51,163.0,0,106,,,0.0,,0.0,212,3.0,X-RAY DIFFRACTION,0.201,2023-02-01,2023,test_new_234
7UEL:L,0,human,L,1.5e-52,168.2,0,106,,,0.0,,0.0,212,1.9,X-RAY DIFFRACTION,0.169,2022-03-22,2022,test_new_234
7UEM:L,0,human,K,4.1e-56,179.5,0,112,,,0.0,,0.0,216,2.314,X-RAY DIFFRACTION,0.189,2022-03-22,2022,test_new_234
7UEN:L,0,rhesus,K,1.2e-55,178.2,0,112,,,0.0,,0.0,218,1.55,X-RAY DIFFRACTION,0.128,2022-03-22,2022,test_new_234
7UFH:L,0,mouse,K,4.5000000000000005e-48,153.7,0,107,,,0.0,,0.0,214,2.99768,X-RAY DIFFRACTION,0.225,2022-08-17,2022,test_new_234
7UFN:L,0,human,K,5.8e-61,195.2,0,113,,,0.0,,0.0,217,2.2,X-RAY DIFFRACTION,0.164,2023-04-12,2023,test_new_234
7UFO:L,0,human,K,1.4000000000000001e-59,190.7,0,113,,,0.0,,0.0,217,1.8,X-RAY DIFFRACTION,0.192,2023-04-12,2023,test_new_234
7UFQ:L,0,human,K,1.5e-59,190.6,0,113,,,0.0,,0.0,219,2.3,X-RAY DIFFRACTION,0.215,2023-04-12,2023,test_new_234
7UGM:L,0,rhesus,L,6.1e-47,150.1,0,97,,,0.0,,0.0,201,1.4,X-RAY DIFFRACTION,0.193,2022-11-09,2022,test_new_234
7UH8:L,0,mouse,K,4.5000000000000005e-48,153.7,0,107,,,0.0,,0.0,214,2.75002,X-RAY DIFFRACTION,0.229,2022-08-17,2022,test_new_234
7UIJ:L,0,mouse,K,1.5e-52,168.1,0,107,,,0.0,,0.0,214,2.701,X-RAY DIFFRACTION,0.204,2023-04-05,2023,test_new_234
7UJA:L,0,human,K,6.3e-49,156.3,0,104,,,0.0,,0.0,105,0.0,ELECTRON MICROSCOPY,,2023-04-19,2023,test_new_234
7UJE:L,0,mouse,K,4.5000000000000005e-48,153.7,0,107,,,0.0,,0.0,214,2.49997,X-RAY DIFFRACTION,0.209,2022-08-17,2022,test_new_234
7UJK:L,0,mouse,K,4.5000000000000005e-48,153.7,0,107,,,0.0,,0.0,214,2.43266,X-RAY DIFFRACTION,0.221,2022-08-17,2022,test_new_234
7UK9:L,0,mouse,K,4.5000000000000005e-48,153.7,0,107,,,0.0,,0.0,214,2.60002,X-RAY DIFFRACTION,0.223,2022-08-17,2022,test_new_234
7UKO:L,0,mouse,K,4.5000000000000005e-48,153.7,0,107,,,0.0,,0.0,214,2.604,X-RAY DIFFRACTION,0.214,2022-08-17,2022,test_new_234
7UKP:L,0,mouse,K,4.5000000000000005e-48,153.7,0,107,,,0.0,,0.0,214,2.80113,X-RAY DIFFRACTION,0.219,2022-08-17,2022,test_new_234
7UKT:L,0,mouse,K,4.5000000000000005e-48,153.7,0,107,,,0.0,,0.0,214,2.36994,X-RAY DIFFRACTION,0.194,2022-08-17,2022,test_new_234
7UL0:L,0,rhesus,L,3.5e-52,167.1,0,110,,,0.0,,0.0,217,2.49,X-RAY DIFFRACTION,0.225,2023-03-08,2023,test_new_234
7UL1:L,0,human,K,1.9999999999999999e-56,180.5,0,107,,,0.0,,0.0,213,2.65,X-RAY DIFFRACTION,0.174,2023-03-08,2023,test_new_234
7UL3:L,0,rhesus,K,4.3e-43,137.6,1,95,,,0.0,,0.0,199,3.0,ELECTRON MICROSCOPY,,2022-04-03,2022,test_new_234
7UM3:L,0,human,K,4.6e-57,182.6,0,107,,,0.0,,0.0,213,2.3983,X-RAY DIFFRACTION,0.206,2022-09-07,2022,test_new_234
7UMM:L,0,mouse,K,8.3e-56,178.7,0,111,,,0.0,,0.0,218,0.0,ELECTRON MICROSCOPY,,2022-11-23,2022,test_new_234
7UMN:L,0,mouse,K,5.6e-53,169.5,0,106,,,0.0,,0.0,107,0.0,ELECTRON MICROSCOPY,,2023-04-19,2023,test_new_234
7UNB:L,0,human,K,9.3e-55,175.1,0,107,,,0.0,,0.0,214,2.18,X-RAY DIFFRACTION,0.178,2022-08-10,2022,test_new_234
7UOP:L,0,mouse,K,7.8e-51,162.6,0,107,,,0.0,,0.0,108,2.8,ELECTRON MICROSCOPY,,2023-03-29,2023,test_new_234
7UOT:L,0,rhesus,L,3e-48,154.4,0,107,,,0.0,,0.0,108,0.0,ELECTRON MICROSCOPY,,2022-11-02,2022,test_new_234
7UOV:L,0,human,K,5.7e-51,162.9,0,103,,,0.0,,0.0,104,0.0,ELECTRON MICROSCOPY,,2022-11-02,2022,test_new_234
7UOW:L,0,human,K,6.200000000000001e-58,185.4,0,108,,,0.0,,0.0,215,0.0,ELECTRON MICROSCOPY,,2023-04-19,2023,test_new_234
7UP9:L,0,human,K,3.7e-57,182.9,0,111,,,0.0,,0.0,112,2.9,ELECTRON MICROSCOPY,,2023-03-29,2023,test_new_234
7UPB:L,0,mouse,K,5e-51,163.2,0,105,,,0.0,,0.0,106,0.0,ELECTRON MICROSCOPY,,2023-03-29,2023,test_new_234
7UPD:L,0,mouse,K,7.3e-59,188.5,0,112,,,0.0,,0.0,113,0.0,ELECTRON MICROSCOPY,,2023-03-29,2023,test_new_234
7UPK:L,0,mouse,K,2e-51,164.5,0,106,,,0.0,,0.0,107,0.0,ELECTRON MICROSCOPY,,2023-03-29,2023,test_new_234
7UPL:L,0,rhesus,K,7.1e-61,195.1,0,108,,,0.0,,0.0,215,0.0,ELECTRON MICROSCOPY,,2022-08-10,2022,test_new_234
7UPX:L,0,human,K,2.3e-56,180.3,0,106,,,0.0,,0.0,212,0.0,ELECTRON MICROSCOPY,,2022-08-10,2022,test_new_234
7UQC:L,0,human,K,3.5999999999999986e-55,176.5,0,112,,,0.0,,0.0,218,2.65,X-RAY DIFFRACTION,0.176,2023-10-25,2023,test_new_234
7UR6:L,0,rhesus,L,1.2e-47,152.5,0,107,,,0.0,,0.0,108,0.0,ELECTRON MICROSCOPY,,2023-04-26,2023,test_new_234
7URA:L,0,mouse,K,5e-52,166.4,0,106,,,0.0,,0.0,107,0.0,ELECTRON MICROSCOPY,,2022-07-20,2022,test_new_234
7URC:L,0,mouse,K,5e-52,166.4,0,106,,,0.0,,0.0,107,0.0,ELECTRON MICROSCOPY,,2022-07-20,2022,test_new_234
7URD:L,0,mouse,K,5e-52,166.4,0,106,,,0.0,,0.0,107,0.0,ELECTRON MICROSCOPY,,2022-07-20,2022,test_new_234
7URE:L,0,mouse,K,5e-52,166.4,0,106,,,0.0,,0.0,107,0.0,ELECTRON MICROSCOPY,,2022-07-20,2022,test_new_234
7URF:L,0,rhesus,K,2.2e-58,187.0,0,110,,,0.0,,0.0,111,0.0,ELECTRON MICROSCOPY,,2022-07-20,2022,test_new_234
7URQ:L,0,human,K,3.2e-56,179.9,0,109,,,0.0,,0.0,215,2.05,X-RAY DIFFRACTION,0.177,2022-04-22,2022,test_new_234
7URS:L,0,human,K,3.2e-56,179.9,0,109,,,0.0,,0.0,215,2.4,X-RAY DIFFRACTION,0.179,2022-04-22,2022,test_new_234
7URX:L,0,mouse,K,1.0000000000000001e-49,159.0,0,107,,,0.0,,0.0,215,0.0,ELECTRON MICROSCOPY,,2023-02-15,2023,test_new_234
7USL:L,0,mouse,K,2.9e-53,170.4,0,105,,,0.0,,0.0,106,0.0,ELECTRON MICROSCOPY,,2022-08-17,2022,test_new_234
7UT3:L,0,mouse,K,1.4e-47,152.1,0,104,,,0.0,,0.0,210,3.0,X-RAY DIFFRACTION,0.186,2022-09-21,2022,test_new_234
7UVF:L,0,human,K,1.1999999999999998e-53,171.5,0,107,,,0.0,,0.0,211,2.6,X-RAY DIFFRACTION,0.198,2022-10-12,2022,test_new_234
7UVH:L,0,human,K,3.8e-52,166.7,0,108,,,0.0,,0.0,215,2.59,X-RAY DIFFRACTION,0.196,2023-02-15,2023,test_new_234
7UVI:L,0,rhesus,K,1.4999999999999999e-55,177.9,0,108,,,0.0,,0.0,214,2.92,X-RAY DIFFRACTION,0.218,2023-02-15,2023,test_new_234
7UVO:L,0,rhesus,L,2.3e-52,167.7,0,108,,,0.0,,0.0,215,2.09,X-RAY DIFFRACTION,0.217,2023-02-15,2023,test_new_234
7UVS:L,0,human,K,3.4000000000000004e-58,186.2,0,113,,,0.0,,0.0,221,2.06,X-RAY DIFFRACTION,0.174,2023-02-15,2023,test_new_234
7UXL:L,0,human,K,1.6e-56,180.8,0,107,,,0.0,,0.0,212,2.86,X-RAY DIFFRACTION,0.183,2023-02-15,2023,test_new_234
7UYL:L,0,rhesus,K,1.4e-58,187.6,0,106,,,0.0,,0.0,213,2.0,X-RAY DIFFRACTION,0.174,2022-11-23,2022,test_new_234
7UYM:L,0,rhesus,K,1.4e-58,187.7,0,106,,,0.0,,0.0,212,2.2,X-RAY DIFFRACTION,0.169,2022-11-23,2022,test_new_234
7UZ4:L,0,mouse,K,6.2e-54,172.6,0,105,,,0.0,,0.0,106,0.0,ELECTRON MICROSCOPY,,2022-12-07,2022,test_new_234
7UZ5:L,0,mouse,K,1.4999999999999999e-53,171.3,0,105,,,0.0,,0.0,106,0.0,ELECTRON MICROSCOPY,,2022-12-07,2022,test_new_234
7UZ6:L,0,mouse,K,2.2e-46,148.2,0,105,,,0.0,,0.0,106,0.0,ELECTRON MICROSCOPY,,2022-12-07,2022,test_new_234
7UZ7:L,0,mouse,K,2.6e-54,173.8,0,111,,,0.0,,0.0,112,0.0,ELECTRON MICROSCOPY,,2022-12-07,2022,test_new_234
7UZ8:L,0,mouse,K,2.6e-54,173.8,0,111,,,0.0,,0.0,112,0.0,ELECTRON MICROSCOPY,,2022-12-07,2022,test_new_234
7UZ9:L,0,mouse,K,3.8e-52,166.8,0,109,,,0.0,,0.0,110,0.0,ELECTRON MICROSCOPY,,2022-12-07,2022,test_new_234
7UZA:L,0,mouse,K,4e-53,170.0,0,109,,,0.0,,0.0,110,0.0,ELECTRON MICROSCOPY,,2022-12-07,2022,test_new_234
7UZB:L,0,mouse,K,2.3e-50,161.1,0,107,,,0.0,,0.0,214,0.0,ELECTRON MICROSCOPY,,2022-12-07,2022,test_new_234
7UZC:L,0,mouse,K,2e-52,167.7,0,111,,,0.0,,0.0,218,2.2,X-RAY DIFFRACTION,0.172,2023-01-11,2023,test_new_234
7UZD:L,0,mouse,K,2.3e-50,161.1,0,107,,,0.0,,0.0,214,3.0,X-RAY DIFFRACTION,0.231,2023-01-11,2023,test_new_234
7V23:L,0,human,L,8.3e-49,156.1,0,104,,,0.0,,0.0,105,0.0,ELECTRON MICROSCOPY,,2022-08-10,2022,test_new_234
7V24:L,0,human,L,8.3e-49,156.1,0,104,,,0.0,,0.0,105,0.0,ELECTRON MICROSCOPY,,2022-08-10,2022,test_new_234
7V27:L,0,rhesus,L,4.9e-52,166.6,0,106,,,0.0,,0.0,107,0.0,ELECTRON MICROSCOPY,,2022-08-10,2022,test_new_234
7V3Q:L,0,mouse,L,1.7000000000000002e-58,187.2,0,108,,,0.0,,0.0,214,2.98,X-RAY DIFFRACTION,0.218,2022-08-17,2022,test_new_234
7V4W:L,0,mouse,L,2.1e-59,190.2,0,109,,,0.0,,0.0,217,2.1,X-RAY DIFFRACTION,0.18,2022-08-17,2022,test_new_234
7V5J:L,0,human,K,4.8999999999999996e-55,176.0,0,107,,,0.0,,0.0,212,2.8,ELECTRON MICROSCOPY,,2022-09-21,2022,test_new_234
7V5K:L,0,human,K,4.8999999999999996e-55,176.0,0,107,,,0.0,,0.0,212,2.8,ELECTRON MICROSCOPY,,2022-08-24,2022,test_new_234
7V64:L,0,mouse,L,2.1e-59,190.2,0,109,,,0.0,,0.0,214,1.56,X-RAY DIFFRACTION,0.179,2022-08-24,2022,test_new_234
7V7K:L,0,mouse,L,1.7000000000000002e-58,187.3,0,108,,,0.0,,0.0,213,2.2,X-RAY DIFFRACTION,0.201,2022-08-24,2022,test_new_234
7VAZ:L,0,mouse,L,1.2e-60,194.2,0,109,,,0.0,,0.0,215,2.73,X-RAY DIFFRACTION,0.209,2022-08-31,2022,test_new_234
7VEN:L,0,human,K,2e-57,183.7,0,106,,,0.0,,0.0,210,1.45,X-RAY DIFFRACTION,0.169,2022-09-14,2022,test_new_234
7VGR:L,0,mouse,K,2.8999999999999996e-55,176.9,0,111,,,0.0,,0.0,218,0.0,ELECTRON MICROSCOPY,,2022-08-03,2022,test_new_234
7VGS:L,0,mouse,K,5.5e-56,179.2,0,111,,,0.0,,0.0,218,0.0,ELECTRON MICROSCOPY,,2022-08-03,2022,test_new_234
7VMZ:L,0,human,K,6.9e-56,178.8,0,106,,,0.0,,0.0,211,2.85,X-RAY DIFFRACTION,0.248,2022-10-12,2022,test_new_234
7VTJ:L,0,mouse,L,1.9e-55,177.4,0,115,,,0.0,,0.0,219,2.0,X-RAY DIFFRACTION,0.196,2022-11-02,2022,test_new_234
7WBH:L,0,human,K,2.700000000000001e-59,189.8,0,106,,,0.0,,0.0,107,0.0,ELECTRON MICROSCOPY,,2022-10-26,2022,test_new_234
7WBZ:L,0,human,K,3.8000000000000003e-57,182.9,0,108,,,0.0,,0.0,215,2.42,X-RAY DIFFRACTION,0.182,2022-08-31,2022,test_new_234
7WC0:L,0,rhesus,L,6.399999999999999e-53,169.5,0,110,,,0.0,,0.0,213,2.705,X-RAY DIFFRACTION,0.202,2022-08-10,2022,test_new_234
7WCD:L,0,rhesus,L,4e-53,170.1,0,111,,,0.0,,0.0,214,0.0,ELECTRON MICROSCOPY,,2022-08-10,2022,test_new_234
7WCK:L,0,rhesus,K,1.4e-56,181.2,0,106,,,0.0,,0.0,107,0.0,ELECTRON MICROSCOPY,,2022-12-28,2022,test_new_234
7WCP:L,0,human,K,4.2999999999999994e-55,176.2,0,107,,,0.0,,0.0,109,0.0,ELECTRON MICROSCOPY,,2022-12-28,2022,test_new_234
7WCU:L,0,human,K,4.2999999999999994e-55,176.2,0,107,,,0.0,,0.0,109,0.0,ELECTRON MICROSCOPY,,2022-12-28,2022,test_new_234
7WG3:L,0,mouse,K,7.099999999999999e-53,169.2,0,106,,,0.0,,0.0,213,2.19,X-RAY DIFFRACTION,0.193,2022-11-09,2022,test_new_234
7WH8:L,0,human,K,4.5e-55,176.1,0,107,,,0.0,,0.0,214,0.0,ELECTRON MICROSCOPY,,2023-01-18,2023,test_new_234
7WHB:L,0,human,K,4.5e-55,176.1,0,107,,,0.0,,0.0,214,0.0,ELECTRON MICROSCOPY,,2023-01-18,2023,test_new_234
7WHD:L,0,human,K,4.5e-55,176.1,0,107,,,0.0,,0.0,214,0.0,ELECTRON MICROSCOPY,,2023-01-18,2023,test_new_234
7WJY:L,0,human,L,5.2e-50,160.0,0,107,,,0.0,,0.0,210,0.0,ELECTRON MICROSCOPY,,2022-07-13,2022,test_new_234
7WJZ:L,0,human,L,5.2e-50,160.0,0,107,,,0.0,,0.0,210,0.0,ELECTRON MICROSCOPY,,2022-07-13,2022,test_new_234
7WK0:L,0,human,L,5.2e-50,160.0,0,107,,,0.0,,0.0,210,0.0,ELECTRON MICROSCOPY,,2022-07-13,2022,test_new_234
7WKX:L,0,human,K,1.1999999999999999e-54,174.8,0,112,,,0.0,,0.0,218,2.81,X-RAY DIFFRACTION,0.206,2022-01-12,2022,test_new_234
7WLW:L,0,mouse,K,1.0999999999999999e-53,171.8,0,108,,,0.0,,0.0,214,2.9,X-RAY DIFFRACTION,0.235,2022-01-13,2022,test_new_234
7WLZ:L,0,rhesus,K,1.3000000000000002e-57,184.6,0,110,,,0.0,,0.0,111,2.98,ELECTRON MICROSCOPY,,2022-01-14,2022,test_new_234
7WN2:L,0,human,K,4.200000000000001e-57,182.7,0,107,,,0.0,,0.0,213,2.35,X-RAY DIFFRACTION,0.228,2023-04-19,2023,test_new_234
7WN8:L,0,rhesus,K,1.1e-57,184.7,0,108,,,0.0,,0.0,214,2.8,X-RAY DIFFRACTION,0.243,2023-01-25,2023,test_new_234
7WNB:L,0,human,K,6.8e-57,182.0,0,108,,,0.0,,0.0,214,2.18,X-RAY DIFFRACTION,0.245,2023-04-19,2023,test_new_234
7WO4:L,0,human,L,1.4e-52,168.3,0,111,,,0.0,,0.0,215,0.0,ELECTRON MICROSCOPY,,2022-07-20,2022,test_new_234
7WO5:L,0,human,L,1.4e-52,168.3,0,111,,,0.0,,0.0,215,0.0,ELECTRON MICROSCOPY,,2022-07-20,2022,test_new_234
7WO7:L,0,human,L,1.4e-52,168.3,0,111,,,0.0,,0.0,215,0.0,ELECTRON MICROSCOPY,,2022-07-20,2022,test_new_234
7WOA:L,0,human,K,6.2e-54,172.5,0,108,,,0.0,,0.0,212,0.0,ELECTRON MICROSCOPY,,2022-07-20,2022,test_new_234
7WOB:L,0,human,K,6.2e-54,172.5,0,108,,,0.0,,0.0,212,0.0,ELECTRON MICROSCOPY,,2022-07-20,2022,test_new_234
7WOC:L,0,human,K,6.2e-54,172.5,0,108,,,0.0,,0.0,212,0.0,ELECTRON MICROSCOPY,,2022-07-20,2022,test_new_234
7WOG:L,0,human,L,1.3e-53,171.7,0,111,,,0.0,,0.0,112,0.0,ELECTRON MICROSCOPY,,2022-07-20,2022,test_new_234
7WP0:L,0,rhesus,L,7.9999999999999985e-56,178.8,0,110,,,0.0,,0.0,111,0.0,ELECTRON MICROSCOPY,,2022-07-20,2022,test_new_234
7WPE:L,0,human,K,1.8e-58,187.1,0,107,,,0.0,,0.0,213,2.69,ELECTRON MICROSCOPY,,2022-01-23,2022,test_new_234
7WPF:L,0,human,K,1.8e-58,187.1,0,107,,,0.0,,0.0,213,2.92,ELECTRON MICROSCOPY,,2022-01-23,2022,test_new_234
7WPH:L,0,human,L,5.299999999999999e-53,169.7,0,110,,,0.0,,0.0,212,2.89,X-RAY DIFFRACTION,0.229,2022-01-23,2022,test_new_234
7WPV:L,0,human,L,4.0000000000000005e-49,157.1,0,106,,,0.0,,0.0,209,2.46,X-RAY DIFFRACTION,0.21,2022-01-24,2022,test_new_234
7WR8:L,0,human,L,1.5999999999999998e-49,158.4,0,103,,,0.0,,0.0,104,0.0,ELECTRON MICROSCOPY,,2022-01-26,2022,test_new_234
7WR9:L,0,human,L,1.5999999999999998e-49,158.4,0,103,,,0.0,,0.0,104,0.0,ELECTRON MICROSCOPY,,2023-02-01,2023,test_new_234
7WRJ:L,0,rhesus,L,7.5e-51,162.8,0,105,,,0.0,,0.0,106,0.0,ELECTRON MICROSCOPY,,2022-09-28,2022,test_new_234
7WRL:L,0,rhesus,L,3.6e-47,150.9,0,104,,,0.0,,0.0,105,0.0,ELECTRON MICROSCOPY,,2022-01-27,2022,test_new_234
7WRO:L,0,rhesus,L,3.5e-51,163.8,0,110,,,0.0,,0.0,111,0.0,ELECTRON MICROSCOPY,,2022-01-27,2022,test_new_234
7WRV:L,0,human,K,3.3e-58,186.3,0,105,,,0.0,,0.0,106,2.47,ELECTRON MICROSCOPY,,2022-01-27,2022,test_new_234
7WRY:L,0,human,K,1.3e-51,164.9,0,105,,,0.0,,0.0,106,0.0,ELECTRON MICROSCOPY,,2022-09-28,2022,test_new_234
7WRZ:L,0,human,K,3.6e-54,173.2,0,108,,,0.0,,0.0,109,0.0,ELECTRON MICROSCOPY,,2022-01-28,2022,test_new_234
7WSC:L,0,pig,K,7.299999999999999e-55,175.5,0,107,,,0.0,,0.0,108,0.0,ELECTRON MICROSCOPY,,2023-03-01,2023,test_new_234
7WSL:L,0,human,K,9.3e-55,175.1,0,107,,,0.0,,0.0,212,1.534,X-RAY DIFFRACTION,0.161,2022-08-24,2022,test_new_234
7WTF:L,0,human,K,1.1e-54,174.9,0,103,,,0.0,,0.0,104,0.0,ELECTRON MICROSCOPY,,2022-12-14,2022,test_new_234
7WTG:L,0,human,K,1.1e-54,174.9,0,103,,,0.0,,0.0,104,0.0,ELECTRON MICROSCOPY,,2022-12-14,2022,test_new_234
7WTH:L,0,rhesus,L,3.3999999999999997e-49,157.4,0,105,,,0.0,,0.0,106,0.0,ELECTRON MICROSCOPY,,2022-12-14,2022,test_new_234
7WTI:L,0,rhesus,L,1.3e-51,165.2,0,109,,,0.0,,0.0,111,0.0,ELECTRON MICROSCOPY,,2022-12-21,2022,test_new_234
7WTJ:L,0,rhesus,L,3.099999999999999e-53,170.5,0,108,,,0.0,,0.0,109,0.0,ELECTRON MICROSCOPY,,2022-12-14,2022,test_new_234
7WTK:L,0,rhesus,L,3.099999999999999e-53,170.5,0,108,,,0.0,,0.0,109,0.0,ELECTRON MICROSCOPY,,2022-12-14,2022,test_new_234
7WUR:L,0,rhesus,K,4.5e-58,186.0,0,107,,,0.0,,0.0,108,0.0,ELECTRON MICROSCOPY,,2022-12-21,2022,test_new_234
7WVG:L,0,human,K,3.5e-56,179.7,0,106,,,0.0,,0.0,107,2.6,X-RAY DIFFRACTION,0.212,2023-01-18,2023,test_new_234
7WVI:L,0,human,K,2.2999999999999998e-55,177.1,0,107,,,0.0,,0.0,214,2.48,X-RAY DIFFRACTION,0.195,2023-01-18,2023,test_new_234
7WVL:L,0,mouse,K,2.7e-51,164.1,0,111,,,0.0,,0.0,216,3.0,X-RAY DIFFRACTION,0.233,2022-12-07,2022,test_new_234
7WWI:L,0,human,K,1.8e-59,190.4,0,107,,,0.0,,0.0,108,0.0,ELECTRON MICROSCOPY,,2023-02-15,2023,test_new_234
7WWJ:L,0,human,K,1.8e-59,190.4,0,107,,,0.0,,0.0,108,0.0,ELECTRON MICROSCOPY,,2023-02-15,2023,test_new_234
7WWK:L,0,human,K,1.8e-59,190.4,0,107,,,0.0,,0.0,108,0.0,ELECTRON MICROSCOPY,,2023-02-15,2023,test_new_234
7WWL:L,0,human,K,3.4e-57,183.0,0,107,,,0.0,,0.0,108,3.0,ELECTRON MICROSCOPY,,2022-02-13,2022,test_new_234
7WWM:L,0,human,K,7.499999999999996e-54,172.2,0,104,,,0.0,,0.0,105,2.8,ELECTRON MICROSCOPY,,2022-02-13,2022,test_new_234
7X08:L,0,rhesus,L,5.2e-54,173.0,0,108,,,0.0,,0.0,211,2.7,ELECTRON MICROSCOPY,,2022-03-09,2022,test_new_234
7X1M:L,0,human,K,7.4e-60,191.6,0,107,,,0.0,,0.0,108,0.0,ELECTRON MICROSCOPY,,2022-07-06,2022,test_new_234
7X25:L,0,rhesus,K,1.3e-56,181.3,0,108,,,0.0,,0.0,212,2.49,ELECTRON MICROSCOPY,,2023-01-18,2023,test_new_234
7X28:L,0,rhesus,K,1.3e-56,181.3,0,108,,,0.0,,0.0,212,2.49,ELECTRON MICROSCOPY,,2023-01-18,2023,test_new_234
7X29:L,0,rhesus,K,1.3e-56,181.3,0,108,,,0.0,,0.0,212,2.49,ELECTRON MICROSCOPY,,2022-11-09,2022,test_new_234
7X2A:L,0,rhesus,K,1.3e-56,181.3,0,108,,,0.0,,0.0,212,2.49,ELECTRON MICROSCOPY,,2022-11-09,2022,test_new_234
7X2H:L,0,human,K,3.4e-56,179.8,0,106,,,0.0,,0.0,213,2.1,X-RAY DIFFRACTION,0.228,2023-03-01,2023,test_new_234
7X2K:L,0,human,K,2.8e-56,180.1,0,107,,,0.0,,0.0,214,2.4,X-RAY DIFFRACTION,0.195,2022-12-21,2022,test_new_234
7X3N:L,0,human,K,7.3e-57,181.9,0,107,,,0.0,,0.0,213,2.24,X-RAY DIFFRACTION,0.205,2023-03-01,2023,test_new_234
7X63:L,0,human,K,8e-57,181.8,0,107,,,0.0,,0.0,212,2.24,X-RAY DIFFRACTION,0.193,2023-03-08,2023,test_new_234
7X66:L,0,human,K,4.200000000000001e-57,182.7,0,108,,,0.0,,0.0,215,2.4,X-RAY DIFFRACTION,0.19,2023-03-08,2023,test_new_234
7X6A:L,0,human,K,3.6e-54,173.2,0,108,,,0.0,,0.0,109,0.0,ELECTRON MICROSCOPY,,2022-07-13,2022,test_new_234
7X7T:L,0,mouse,K,2.9e-51,164.0,0,106,,,0.0,,0.0,107,0.0,ELECTRON MICROSCOPY,,2022-08-17,2022,test_new_234
7X8P:L,0,rhesus,L,1.5e-46,148.9,0,106,,,0.0,,0.0,209,2.24,X-RAY DIFFRACTION,0.216,2023-02-01,2023,test_new_234
7X8Q:L,0,rhesus,K,8.9e-53,168.9,0,101,,,0.0,,0.0,206,2.65,X-RAY DIFFRACTION,0.205,2023-01-18,2023,test_new_234
7X8T:L,0,rhesus,L,1.4999999999999998e-49,158.6,0,106,,,0.0,,0.0,209,2.51,X-RAY DIFFRACTION,0.176,2023-02-01,2023,test_new_234
7X8W:L,0,rhesus,L,1.1999999999999999e-54,175.0,0,110,,,0.0,,0.0,113,0.0,ELECTRON MICROSCOPY,,2022-12-07,2022,test_new_234
7X8Y:L,0,rhesus,K,2.2000000000000002e-60,193.5,0,106,,,0.0,,0.0,107,0.0,ELECTRON MICROSCOPY,,2022-12-07,2022,test_new_234
7X8Z:L,0,human,K,3.8000000000000003e-59,189.3,0,111,,,0.0,,0.0,112,0.0,ELECTRON MICROSCOPY,,2022-12-07,2022,test_new_234
7X90:L,0,human,K,1.1e-57,184.6,0,106,,,0.0,,0.0,107,0.0,ELECTRON MICROSCOPY,,2022-12-07,2022,test_new_234
7X91:L,0,human,K,3.4999999999999995e-55,176.5,0,106,,,0.0,,0.0,107,0.0,ELECTRON MICROSCOPY,,2022-12-07,2022,test_new_234
7X92:L,0,human,K,2.5000000000000002e-58,186.7,0,106,,,0.0,,0.0,107,0.0,ELECTRON MICROSCOPY,,2022-12-07,2022,test_new_234
7X93:L,0,human,L,2.1e-53,171.0,0,109,,,0.0,,0.0,110,0.0,ELECTRON MICROSCOPY,,2023-03-22,2023,test_new_234
7X94:L,0,rhesus,L,4.8e-52,166.7,0,108,,,0.0,,0.0,109,0.0,ELECTRON MICROSCOPY,,2023-03-22,2023,test_new_234
7X95:L,0,rhesus,L,9.6e-51,162.4,0,106,,,0.0,,0.0,107,0.0,ELECTRON MICROSCOPY,,2023-03-22,2023,test_new_234
7X96:L,0,human,K,2.9e-56,180.0,0,108,,,0.0,,0.0,109,0.0,ELECTRON MICROSCOPY,,2023-03-22,2023,test_new_234
7X9E:L,0,rhesus,L,6.2e-50,159.8,0,108,,,0.0,,0.0,211,2.6,X-RAY DIFFRACTION,0.195,2022-03-15,2022,test_new_234
7XCK:L,0,human,K,8.2e-56,178.5,0,107,,,0.0,,0.0,212,0.0,ELECTRON MICROSCOPY,,2022-08-31,2022,test_new_234
7XCO:L,0,human,K,8.2e-56,178.5,0,107,,,0.0,,0.0,212,0.0,ELECTRON MICROSCOPY,,2022-09-21,2022,test_new_234
7XCP:L,0,human,K,7.4e-60,191.6,0,107,,,0.0,,0.0,108,0.0,ELECTRON MICROSCOPY,,2022-08-31,2022,test_new_234
7XCZ:L,0,human,K,1.6e-56,180.9,0,108,,,0.0,,0.0,215,0.0,ELECTRON MICROSCOPY,,2023-03-01,2023,test_new_234
7XDA:L,0,human,K,1.6e-56,180.9,0,108,,,0.0,,0.0,215,0.0,ELECTRON MICROSCOPY,,2023-03-01,2023,test_new_234
7XDB:L,0,rhesus,K,2.900000000000001e-58,186.7,0,105,,,0.0,,0.0,106,0.0,ELECTRON MICROSCOPY,,2023-03-01,2023,test_new_234
7XDK:L,0,human,K,1.6e-56,180.9,0,108,,,0.0,,0.0,215,0.0,ELECTRON MICROSCOPY,,2023-03-01,2023,test_new_234
7XEG:L,0,human,K,6.8e-60,191.7,0,109,,,0.0,,0.0,215,2.69,X-RAY DIFFRACTION,0.195,2023-05-31,2023,test_new_234
7XEI:L,0,human,K,6.8e-60,191.7,0,109,,,0.0,,0.0,215,2.76,X-RAY DIFFRACTION,0.215,2023-05-31,2023,test_new_234
7XH8:L,0,rhesus,K,6.499999999999998e-55,175.8,0,104,,,0.0,,0.0,105,2.99,ELECTRON MICROSCOPY,,2022-04-07,2022,test_new_234
7XIK:L,0,human,K,1.3e-59,190.8,0,109,,,0.0,,0.0,215,2.89,X-RAY DIFFRACTION,0.211,2023-04-26,2023,test_new_234
7XIL:L,0,human,K,1.3e-59,190.8,0,109,,,0.0,,0.0,216,2.91,X-RAY DIFFRACTION,0.206,2023-04-26,2023,test_new_234
7XJ6:L,0,rhesus,K,2.1e-56,180.6,0,105,,,0.0,,0.0,106,0.0,ELECTRON MICROSCOPY,,2023-04-19,2023,test_new_234
7XJ8:L,0,human,K,1.8e-59,190.4,0,107,,,0.0,,0.0,108,0.0,ELECTRON MICROSCOPY,,2023-04-19,2023,test_new_234
7XJ9:L,0,human,K,1.8e-59,190.4,0,107,,,0.0,,0.0,108,0.0,ELECTRON MICROSCOPY,,2023-04-19,2023,test_new_234
7XJF:L,0,human,K,2.7e-57,183.3,0,107,,,0.0,,0.0,213,2.6,X-RAY DIFFRACTION,0.187,2023-05-31,2023,test_new_234
7XNF:L,0,human,K,2.8e-56,180.1,0,107,,,0.0,,0.0,214,2.79,X-RAY DIFFRACTION,0.32,2023-01-11,2023,test_new_234
7XQ8:L,0,human,K,2.2e-39,125.4,0,101,,,0.0,,0.0,210,0.0,ELECTRON MICROSCOPY,,2022-08-17,2022,test_new_234
7XRZ:L,0,human,K,1.1e-50,161.9,0,107,,,0.0,,0.0,213,2.1,X-RAY DIFFRACTION,0.214,2023-05-10,2023,test_new_234
7XS8:L,0,human,K,1.2e-49,158.6,0,104,,,0.0,,0.0,207,2.8,X-RAY DIFFRACTION,0.216,2023-04-26,2023,test_new_234
7XSA:L,0,rhesus,L,3.2999999999999997e-49,157.4,0,107,,,0.0,,0.0,209,2.2,X-RAY DIFFRACTION,0.231,2023-05-10,2023,test_new_234
7XSC:L,0,human,K,6.9e-56,178.8,0,107,,,0.0,,0.0,213,2.88,X-RAY DIFFRACTION,0.2,2023-05-24,2023,test_new_234
7XW6:L,0,rhesus,L,3.9e-51,163.7,0,110,,,0.0,,0.0,112,2.78,ELECTRON MICROSCOPY,,2022-08-17,2022,test_new_234
7XW7:L,0,human,L,5e-52,166.5,0,108,,,0.0,,0.0,109,0.0,ELECTRON MICROSCOPY,,2022-08-17,2022,test_new_234
7XXL:L,0,human,L,4.0000000000000005e-49,157.1,0,106,,,0.0,,0.0,209,0.0,ELECTRON MICROSCOPY,,2022-09-14,2022,test_new_234
7XY8:L,0,human,K,8.7e-56,178.5,0,107,,,0.0,,0.0,214,2.3,X-RAY DIFFRACTION,0.236,2022-11-23,2022,test_new_234
7Y0C:L,0,rhesus,K,2.8000000000000002e-59,189.9,0,109,,,0.0,,0.0,214,2.94,X-RAY DIFFRACTION,0.202,2022-09-28,2022,test_new_234
7Y0G:L,0,human,K,7.3e-57,181.9,0,107,,,0.0,,0.0,213,2.08,X-RAY DIFFRACTION,0.211,2022-08-10,2022,test_new_234
7Y0V:L,0,human,L,6e-52,166.2,0,106,,,0.0,,0.0,210,2.48,X-RAY DIFFRACTION,0.211,2022-09-28,2022,test_new_234
7Y3J:L,0,human,K,2.6e-53,170.5,0,112,,,0.0,,0.0,217,2.6,X-RAY DIFFRACTION,0.222,2022-08-17,2022,test_new_234
7Y3N:L,0,human,K,1.5e-59,190.6,0,107,,,0.0,,0.0,215,2.97,X-RAY DIFFRACTION,0.22,2023-12-27,2023,test_new_234
7Y3O:L,0,human,K,1.5e-59,190.6,0,107,,,0.0,,0.0,214,2.1,X-RAY DIFFRACTION,0.183,2023-12-27,2023,test_new_234
7Y8J:L,0,rhesus,L,7.299999999999999e-55,175.8,0,110,,,0.0,,0.0,112,1.03,X-RAY DIFFRACTION,0.134,2023-07-12,2023,test_new_234
7YAD:L,0,human,K,9.9e-55,175.0,0,104,,,0.0,,0.0,105,2.66,ELECTRON MICROSCOPY,,2022-08-31,2022,test_new_234
7YAR:L,0,rhesus,L,1.3e-49,158.8,0,109,,,0.0,,0.0,212,0.0,ELECTRON MICROSCOPY,,2023-01-04,2023,test_new_234
7YCK:L,0,rhesus,L,1.5e-52,168.2,0,108,,,0.0,,0.0,109,2.6,X-RAY DIFFRACTION,0.229,2023-02-01,2023,test_new_234
7YCL:L,0,human,K,2e-57,183.8,0,107,,,0.0,,0.0,213,2.13,X-RAY DIFFRACTION,0.174,2023-02-01,2023,test_new_234
7YCN:L,0,rhesus,L,2.7e-54,173.9,0,110,,,0.0,,0.0,212,2.85,X-RAY DIFFRACTION,0.211,2023-02-01,2023,test_new_234
7YD1:L,0,rhesus,L,3.9e-52,166.9,0,107,,,0.0,,0.0,108,2.99,ELECTRON MICROSCOPY,,2023-07-12,2023,test_new_234
7YD3:L,0,rhesus,L,1.3e-54,174.9,0,109,,,0.0,,0.0,110,2.16,X-RAY DIFFRACTION,0.217,2023-07-05,2023,test_new_234
7YDS:L,0,human,K,5.799999999999998e-55,175.8,0,110,,,0.0,,0.0,214,2.3,X-RAY DIFFRACTION,0.194,2023-07-19,2023,test_new_234
7YI6:L,0,rhesus,L,1.6999999999999998e-53,171.3,0,108,,,0.0,,0.0,210,2.28,X-RAY DIFFRACTION,0.193,2023-08-30,2023,test_new_234
7YIZ:L,0,human,K,7.3e-57,181.9,0,107,,,0.0,,0.0,213,2.42,X-RAY DIFFRACTION,0.216,2023-08-02,2023,test_new_234
7YK4:L,0,human,K,2.5000000000000002e-58,186.6,0,107,,,0.0,,0.0,212,2.7,X-RAY DIFFRACTION,0.233,2023-08-09,2023,test_new_234
7YKJ:L,0,human,K,7.900000000000001e-58,185.1,0,108,,,0.0,,0.0,109,0.0,ELECTRON MICROSCOPY,,2022-12-28,2022,test_new_234
7YMS:L,0,mouse,K,9.8e-53,168.7,0,107,,,0.0,,0.0,213,2.9,ELECTRON MICROSCOPY,,2022-08-24,2022,test_new_234
7YR0:L,0,human,K,9.400000000000001e-57,181.6,0,107,,,0.0,,0.0,108,0.0,ELECTRON MICROSCOPY,,2022-10-19,2022,test_new_234
7YR1:L,0,human,K,4.5000000000000003e-57,182.6,0,104,,,0.0,,0.0,105,0.0,ELECTRON MICROSCOPY,,2022-10-19,2022,test_new_234
7YRF:L,0,mouse,K,2.9e-51,164.0,0,107,,,0.0,,0.0,213,2.91,ELECTRON MICROSCOPY,,2022-09-14,2022,test_new_234
7YRU:L,0,mouse,K,2.2e-50,161.1,0,107,,,0.0,,0.0,213,2.6,X-RAY DIFFRACTION,0.245,2023-05-17,2023,test_new_234
7YUD:L,0,human,K,1e-55,178.2,0,106,,,0.0,,0.0,213,2.98,ELECTRON MICROSCOPY,,2023-09-06,2023,test_new_234
7YV1:L,0,human,K,1.2e-59,190.9,0,107,,,0.0,,0.0,213,1.454,X-RAY DIFFRACTION,0.238,2023-07-26,2023,test_new_234
7YXU:L,0,human,K,8.700000000000003e-60,191.4,0,107,,,0.0,,0.0,213,2.31,X-RAY DIFFRACTION,0.205,2023-01-25,2023,test_new_234
7YZJ:L,0,rat,K,8.8e-52,165.7,0,112,,,0.0,,0.0,219,2.6,X-RAY DIFFRACTION,0.158,2023-02-01,2023,test_new_234
7Z0X:L,0,rhesus,L,2e-52,167.9,0,110,,,0.0,,0.0,215,1.8,X-RAY DIFFRACTION,0.163,2022-02-23,2022,test_new_234
7Z0Y:L,0,rhesus,L,1.6e-54,174.6,0,107,,,0.0,,0.0,211,2.95,X-RAY DIFFRACTION,0.219,2022-02-23,2022,test_new_234
7Z12:L,0,human,K,1.6e-52,167.9,0,106,,,0.0,,0.0,212,0.0,ELECTRON MICROSCOPY,,2022-11-02,2022,test_new_234
7Z2M:L,0,human,K,3.1e-56,179.9,0,107,,,0.0,,0.0,213,1.899,X-RAY DIFFRACTION,0.201,2023-02-08,2023,test_new_234
7Z3W:L,0,human,K,9.1e-57,181.6,0,107,,,0.0,,0.0,214,2.0,X-RAY DIFFRACTION,0.196,2023-02-08,2023,test_new_234
7ZBU:L,0,human,K,3.1e-56,179.9,0,108,,,0.0,,0.0,192,0.0,ELECTRON MICROSCOPY,,2022-08-17,2022,test_new_234
7ZF6:L,0,rhesus,K,2.4e-55,177.2,0,108,,,0.0,,0.0,212,2.21,X-RAY DIFFRACTION,0.235,2022-04-01,2022,test_new_234
7ZF8:L,0,human,K,3.6e-60,192.6,0,109,,,0.0,,0.0,215,2.95,X-RAY DIFFRACTION,0.22,2022-04-01,2022,test_new_234
7ZFF:L,0,rhesus,L,8.7e-53,169.0,0,108,,,0.0,,0.0,212,2.32,X-RAY DIFFRACTION,0.231,2022-04-01,2022,test_new_234
7ZLG:L,0,rhesus,K,1.7e-56,180.9,0,107,,,0.0,,0.0,211,0.0,ELECTRON MICROSCOPY,,2023-01-11,2023,test_new_234
7ZLH:L,0,rhesus,K,1.7e-56,180.9,0,107,,,0.0,,0.0,211,0.0,ELECTRON MICROSCOPY,,2023-01-11,2023,test_new_234
7ZLI:L,0,rhesus,K,1.7e-56,180.9,0,107,,,0.0,,0.0,211,0.0,ELECTRON MICROSCOPY,,2023-01-11,2023,test_new_234
7ZLJ:L,0,rhesus,K,1.7e-56,180.9,0,107,,,0.0,,0.0,211,0.0,ELECTRON MICROSCOPY,,2023-01-11,2023,test_new_234
7ZLK:L,0,rhesus,K,2.3999999999999996e-53,170.8,0,111,,,0.0,,0.0,112,0.0,ELECTRON MICROSCOPY,,2022-09-21,2022,test_new_234
7ZOZ:L,0,rat,K,3.2e-54,173.6,0,107,,,0.0,,0.0,213,2.104,X-RAY DIFFRACTION,0.176,2023-06-28,2023,test_new_234
7ZQT:L,0,rhesus,K,1.4999999999999999e-61,197.2,0,107,,,0.0,,0.0,211,2.7,X-RAY DIFFRACTION,0.225,2023-05-17,2023,test_new_234
7ZWI:L,0,mouse,K,3.7e-51,163.6,0,106,,,0.0,,0.0,210,1.9,X-RAY DIFFRACTION,0.189,2022-05-19,2022,test_new_234
7ZXK:L,0,human,K,7.700000000000005e-60,191.6,0,113,,,0.0,,0.0,220,2.2,X-RAY DIFFRACTION,0.184,2022-11-02,2022,test_new_234
7ZXU:L,0,human,K,1.3e-52,168.2,0,107,,,0.0,,0.0,213,1.89,X-RAY DIFFRACTION,0.181,2022-05-23,2022,test_new_234
7ZYI:L,0,human,K,1.1e-56,181.3,0,107,,,0.0,,0.0,211,0.0,ELECTRON MICROSCOPY,,2022-07-13,2022,test_new_234
8A1E:L,0,human,K,4.4e-56,179.4,0,107,,,0.0,,0.0,109,0.0,ELECTRON MICROSCOPY,,2022-08-17,2022,test_new_234
8A44:L,0,human,K,7.2e-59,188.4,0,107,,,0.0,,0.0,213,2.49,X-RAY DIFFRACTION,0.196,2023-06-07,2023,test_new_234
8A94:L,0,human,K,8.399999999999998e-55,175.3,0,105,,,0.0,,0.0,106,2.4,ELECTRON MICROSCOPY,,2023-05-03,2023,test_new_234
8A96:L,0,human,K,8.399999999999998e-55,175.3,0,105,,,0.0,,0.0,106,2.7,ELECTRON MICROSCOPY,,2023-05-03,2023,test_new_234
8A99:L,0,human,K,8.399999999999998e-55,175.3,0,105,,,0.0,,0.0,106,2.5,ELECTRON MICROSCOPY,,2023-05-10,2023,test_new_234
8ACF:L,0,human,K,8.8e-56,178.4,0,111,,,0.0,,0.0,215,1.8,X-RAY DIFFRACTION,0.178,2024-01-17,2024,test_new_234
8ACI:L,0,human,K,9.1e-56,178.4,0,111,,,0.0,,0.0,218,1.85,X-RAY DIFFRACTION,0.187,2024-01-17,2024,test_new_234
8AHN:L,0,rhesus,L,1.5e-54,174.8,0,110,,,0.0,,0.0,212,1.8,X-RAY DIFFRACTION,0.19,2023-05-24,2023,test_new_234
8ATH:L,0,human,K,9.9e-55,175.0,0,106,,,0.0,,0.0,201,2.366,X-RAY DIFFRACTION,0.251,2023-03-01,2023,test_new_234
8AV9:L,0,rhesus,L,6.9e-54,172.6,0,109,,,0.0,,0.0,213,1.99,X-RAY DIFFRACTION,0.223,2023-05-24,2023,test_new_234
8AWL:L,0,human,L,9.4e-50,159.2,0,108,,,0.0,,0.0,209,1.62,X-RAY DIFFRACTION,0.202,2023-09-06,2023,test_new_234
8B50:L,0,rat,K,2.8e-50,160.8,0,112,,,0.0,,0.0,219,1.67,X-RAY DIFFRACTION,0.191,2023-10-04,2023,test_new_234
8B7H:L,0,human,K,2.1e-59,190.1,0,112,,,0.0,,0.0,219,1.95,X-RAY DIFFRACTION,0.265,2023-12-27,2023,test_new_234
8B9V:L,0,rhesus,K,7.7e-59,188.5,0,108,,,0.0,,0.0,212,2.16,X-RAY DIFFRACTION,0.197,2023-10-25,2023,test_new_234
8BBH:L,0,human,K,2.2e-55,177.1,0,112,,,0.0,,0.0,218,1.619,X-RAY DIFFRACTION,0.198,2022-12-21,2022,test_new_234
8BBO:L,0,human,K,4.3e-56,179.4,0,106,,,0.0,,0.0,211,2.75,X-RAY DIFFRACTION,0.224,2023-03-22,2023,test_new_234
8BCZ:L,0,human,K,7e-57,182.0,0,105,,,0.0,,0.0,106,0.0,ELECTRON MICROSCOPY,,2023-03-22,2023,test_new_234
8BE1:L,0,mouse,K,7.999999999999999e-50,159.3,0,107,,,0.0,,0.0,213,1.98,X-RAY DIFFRACTION,0.248,2023-01-25,2023,test_new_234
8BF0:L,0,mouse,K,2.7e-52,167.3,0,106,,,0.0,,0.0,213,1.75,X-RAY DIFFRACTION,0.168,2023-11-01,2023,test_new_234
8BG1:L,0,rhesus,K,4.6e-56,179.5,0,110,,,0.0,,0.0,215,2.88,X-RAY DIFFRACTION,0.202,2023-11-08,2023,test_new_234
8BH5:L,0,human,K,1.3e-52,168.2,0,107,,,0.0,,0.0,213,2.38,X-RAY DIFFRACTION,0.186,2022-11-23,2022,test_new_234
8BJZ:L,0,mouse,K,3e-53,170.4,0,107,,,0.0,,0.0,213,1.89,X-RAY DIFFRACTION,0.186,2023-09-27,2023,test_new_234
8BK2:L,0,human,K,2.4e-55,177.0,0,109,,,0.0,,0.0,214,2.41,X-RAY DIFFRACTION,0.204,2023-11-22,2023,test_new_234
8BSE:L,0,human,K,3.6e-56,179.7,0,107,,,0.0,,0.0,213,1.9,X-RAY DIFFRACTION,0.177,2023-05-17,2023,test_new_234
8BSF:L,0,human,L,2.7e-51,164.2,0,109,,,0.0,,0.0,212,2.2,X-RAY DIFFRACTION,0.196,2023-05-17,2023,test_new_234
8BSO:L,0,mouse,K,3e-53,170.4,0,107,,,0.0,,0.0,213,1.92,X-RAY DIFFRACTION,0.18,2023-09-27,2023,test_new_234
8BYU:L,0,human,K,2e-58,187.0,0,107,,,0.0,,0.0,213,1.85,X-RAY DIFFRACTION,0.188,2023-07-12,2023,test_new_234
8C0Y:L,0,rhesus,K,1.9999999999999998e-54,174.2,0,105,,,0.0,,0.0,106,2.68,ELECTRON MICROSCOPY,,2024-06-19,2024,test_new_234
8C2R:L,0,rhesus,K,1.3e-54,174.9,0,107,,,0.0,,0.0,214,2.56,ELECTRON MICROSCOPY,,2024-05-22,2024,test_new_234
8C3V:L,0,human,K,1.1e-55,178.1,0,106,,,0.0,,0.0,212,2.74,X-RAY DIFFRACTION,0.216,2023-03-22,2023,test_new_234
8C67:L,0,human,K,1.5e-56,180.9,0,107,,,0.0,,0.0,213,1.88,X-RAY DIFFRACTION,0.205,2024-04-24,2024,test_new_234
8C7H:L,0,human,K,1.1999999999999999e-54,174.8,0,107,,,0.0,,0.0,173,0.0,ELECTRON MICROSCOPY,,2023-03-01,2023,test_new_234
8C7M:L,0,human,K,3.8000000000000003e-59,189.3,0,107,,,0.0,,0.0,211,2.56,X-RAY DIFFRACTION,0.203,2024-01-31,2024,test_new_234
8C7V:L,0,human,K,1.3e-54,174.7,0,107,,,0.0,,0.0,213,1.61,X-RAY DIFFRACTION,0.166,2023-06-07,2023,test_new_234
8CAF:L,0,human,K,7.7999999999999985e-56,178.6,0,106,,,0.0,,0.0,210,2.66,X-RAY DIFFRACTION,0.217,2023-09-13,2023,test_new_234
8CBF:L,0,rhesus,K,5.3e-59,189.0,0,109,,,0.0,,0.0,216,2.33,X-RAY DIFFRACTION,0.215,2024-02-07,2024,test_new_234
8CBX:L,0,mouse,K,5.6e-52,166.3,0,104,,,0.0,,0.0,211,2.0,X-RAY DIFFRACTION,0.223,2023-05-10,2023,test_new_234
8CBY:L,0,mouse,K,5.6e-52,166.3,0,104,,,0.0,,0.0,211,2.27,X-RAY DIFFRACTION,0.202,2023-05-10,2023,test_new_234
8CBZ:L,0,mouse,K,5.6e-52,166.3,0,104,,,0.0,,0.0,211,1.86,X-RAY DIFFRACTION,0.204,2023-05-10,2023,test_new_234
8CC0:L,0,mouse,K,5.6e-52,166.3,0,104,,,0.0,,0.0,211,1.85,X-RAY DIFFRACTION,0.191,2023-05-10,2023,test_new_234
8CC1:L,0,mouse,K,5.6e-52,166.3,0,104,,,0.0,,0.0,211,2.0,X-RAY DIFFRACTION,0.195,2023-05-10,2023,test_new_234
8CDD:L,0,cow,L,3.1e-40,128.3,0,103,,,0.0,,0.0,207,3.0,ELECTRON MICROSCOPY,,2023-10-25,2023,test_new_234
8CHE:L,0,rhesus,K,7e-55,175.7,0,112,,,0.0,,0.0,219,1.49,X-RAY DIFFRACTION,0.157,2023-12-27,2023,test_new_234
8CII:L,0,human,K,9.999999999999999e-57,181.5,0,107,,,0.0,,0.0,211,2.7,ELECTRON MICROSCOPY,,2024-02-21,2024,test_new_234
8CIM:L,0,human,K,1.7e-57,184.0,0,106,,,0.0,,0.0,107,3.0,ELECTRON MICROSCOPY,,2023-07-05,2023,test_new_234
8CIN:L,0,human,L,2.7e-51,164.2,0,109,,,0.0,,0.0,214,2.7,ELECTRON MICROSCOPY,,2024-02-21,2024,test_new_234
8CT6:L,0,mouse,K,1.1e-54,175.1,0,108,,,0.0,,0.0,109,0.0,ELECTRON MICROSCOPY,,2023-04-19,2023,test_new_234
8CW9:L,0,rhesus,L,1.7e-51,164.8,0,106,,,0.0,,0.0,107,0.0,ELECTRON MICROSCOPY,,2022-08-10,2022,test_new_234
8CWI:L,0,human,K,5.5e-56,179.1,0,107,,,0.0,,0.0,214,1.873,X-RAY DIFFRACTION,0.17,2023-05-24,2023,test_new_234
8CWJ:L,0,human,K,1.8e-59,190.4,0,107,,,0.0,,0.0,214,2.449,X-RAY DIFFRACTION,0.196,2023-05-24,2023,test_new_234
8CWK:L,0,human,K,4.600000000000001e-58,185.8,0,107,,,0.0,,0.0,213,2.368,X-RAY DIFFRACTION,0.186,2023-05-24,2023,test_new_234
8CWV:L,0,human,K,1.6000000000000006e-59,190.5,0,109,,,0.0,,0.0,215,2.51,X-RAY DIFFRACTION,0.238,2022-07-06,2022,test_new_234
8CZ5:L,0,mouse,K,3.7e-51,163.6,0,107,,,0.0,,0.0,213,2.645,X-RAY DIFFRACTION,0.194,2022-10-19,2022,test_new_234
8D01:L,0,human,K,2.2e-52,167.5,0,107,,,0.0,,0.0,213,2.46,X-RAY DIFFRACTION,0.189,2023-12-13,2023,test_new_234
8D1T:L,0,mouse,K,1.7e-52,168.0,0,107,,,0.0,,0.0,197,2.94,X-RAY DIFFRACTION,0.236,2023-02-01,2023,test_new_234
8D21:L,0,human,K,2.9e-56,180.0,0,107,,,0.0,,0.0,108,0.0,ELECTRON MICROSCOPY,,2023-04-12,2023,test_new_234
8D29:L,0,rhesus,K,1.4e-56,181.2,0,107,,,0.0,,0.0,213,1.81,X-RAY DIFFRACTION,0.176,2022-11-30,2022,test_new_234
8D36:L,0,rhesus,L,3.4e-52,167.1,0,110,,,0.0,,0.0,212,1.45,X-RAY DIFFRACTION,0.197,2022-07-27,2022,test_new_234
8D3A:L,0,human,L,3.1e-42,134.8,0,111,,,0.0,,0.0,214,2.9,X-RAY DIFFRACTION,0.229,2022-10-12,2022,test_new_234
8D47:L,0,human,K,3.4e-52,166.9,0,108,,,0.0,,0.0,212,2.0,X-RAY DIFFRACTION,0.184,2022-12-21,2022,test_new_234
8D48:L,0,human,K,3.6e-60,192.6,0,113,,,0.0,,0.0,220,0.0,ELECTRON MICROSCOPY,,2023-01-25,2023,test_new_234
8D54:L,0,mouse,K,1.7e-54,174.4,0,111,,,0.0,,0.0,218,1.4,X-RAY DIFFRACTION,0.169,2022-12-14,2022,test_new_234
8D6Z:L,0,human,K,3.4e-52,166.9,0,108,,,0.0,,0.0,214,2.3,X-RAY DIFFRACTION,0.235,2022-07-27,2022,test_new_234
8D7E:L,0,rhesus,K,8e-59,188.5,0,108,,,0.0,,0.0,215,0.0,ELECTRON MICROSCOPY,,2023-03-29,2023,test_new_234
8D9Y:L,0,human,K,1.7000000000000002e-58,187.2,0,107,,,0.0,,0.0,213,2.2,X-RAY DIFFRACTION,0.209,2023-06-14,2023,test_new_234
8D9Z:L,0,human,K,1.7000000000000002e-58,187.2,0,107,,,0.0,,0.0,213,1.8,X-RAY DIFFRACTION,0.165,2023-06-14,2023,test_new_234
8DA0:L,0,human,K,1.8e-58,187.2,0,107,,,0.0,,0.0,214,2.2,X-RAY DIFFRACTION,0.196,2023-06-14,2023,test_new_234
8DA1:L,0,human,K,1.7000000000000002e-58,187.2,0,107,,,0.0,,0.0,213,2.67,X-RAY DIFFRACTION,0.185,2023-06-14,2023,test_new_234
8DAD:L,0,rhesus,K,3.9e-57,183.0,0,106,,,0.0,,0.0,107,0.0,ELECTRON MICROSCOPY,,2022-08-24,2022,test_new_234
8DAO:L,0,human,K,2.6e-59,189.9,0,108,,,0.0,,0.0,109,2.8,X-RAY DIFFRACTION,0.231,2022-07-27,2022,test_new_234
8DB4:L,0,human,K,1.1e-46,149.0,0,103,,,0.0,,0.0,209,2.3,X-RAY DIFFRACTION,0.211,2023-01-25,2023,test_new_234
8DCC:L,0,rhesus,L,9.999999999999999e-55,175.3,0,110,,,0.0,,0.0,213,2.6,X-RAY DIFFRACTION,0.221,2022-07-06,2022,test_new_234
8DCN:L,0,mouse,K,7e-57,182.1,0,112,,,0.0,,0.0,218,2.6,X-RAY DIFFRACTION,0.227,2023-04-05,2023,test_new_234
8DD2:L,0,mouse,K,1.0000000000000001e-49,158.9,0,104,,,0.0,,0.0,105,2.9,ELECTRON MICROSCOPY,,2022-08-17,2022,test_new_234
8DE4:L,0,mouse,K,3e-51,163.9,0,109,,,0.0,,0.0,110,2.9,ELECTRON MICROSCOPY,,2023-07-05,2023,test_new_234
8DF5:L,0,human,K,4.5e-59,189.1,0,108,,,0.0,,0.0,215,2.7,X-RAY DIFFRACTION,0.177,2022-08-03,2022,test_new_234
8DFG:L,0,human,K,1.3e-52,168.2,0,107,,,0.0,,0.0,213,2.0,X-RAY DIFFRACTION,0.225,2022-10-12,2022,test_new_234
8DFH:L,0,rhesus,L,9.999999999999999e-51,162.3,0,108,,,0.0,,0.0,211,2.3,X-RAY DIFFRACTION,0.209,2022-10-12,2022,test_new_234
8DFI:L,0,human,L,3.2000000000000004e-48,154.2,0,109,,,0.0,,0.0,213,1.9,X-RAY DIFFRACTION,0.175,2022-10-12,2022,test_new_234
8DG9:L,0,rhesus,L,1.5e-52,168.2,0,110,,,0.0,,0.0,111,2.24,ELECTRON MICROSCOPY,,2023-02-22,2023,test_new_234
8DGU:L,0,rhesus,L,5.1e-50,160.1,0,110,,,0.0,,0.0,213,1.89,X-RAY DIFFRACTION,0.214,2023-01-25,2023,test_new_234
8DGV:L,0,human,K,4.3e-50,160.0,0,103,,,0.0,,0.0,208,2.3,X-RAY DIFFRACTION,0.203,2023-01-25,2023,test_new_234
8DGW:L,0,rhesus,L,9.8e-52,165.6,0,109,,,0.0,,0.0,211,2.81,X-RAY DIFFRACTION,0.217,2023-01-25,2023,test_new_234
8DGX:L,0,human,K,6.5e-56,178.9,0,109,,,0.0,,0.0,213,2.89,X-RAY DIFFRACTION,0.233,2023-01-25,2023,test_new_234
8DIM:L,0,human,L,5.499999999999999e-53,169.6,0,108,,,0.0,,0.0,109,0.0,ELECTRON MICROSCOPY,,2022-11-16,2022,test_new_234
8DIS:L,0,human,L,5.499999999999999e-53,169.6,0,108,,,0.0,,0.0,109,2.62,ELECTRON MICROSCOPY,,2023-06-07,2023,test_new_234
8DIU:L,0,human,L,5.499999999999999e-53,169.6,0,108,,,0.0,,0.0,109,0.0,ELECTRON MICROSCOPY,,2022-12-14,2022,test_new_234
8DJG:L,0,human,K,7.7e-54,172.2,0,103,,,0.0,,0.0,210,2.65,X-RAY DIFFRACTION,0.237,2023-02-15,2023,test_new_234
8DK6:L,0,mouse,K,6.200000000000001e-58,185.5,0,113,,,0.0,,0.0,218,2.45,X-RAY DIFFRACTION,0.203,2023-03-29,2023,test_new_234
8DK7:L,0,rhesus,K,1.3e-56,181.3,0,107,,,0.0,,0.0,211,2.46,X-RAY DIFFRACTION,0.246,2022-11-30,2022,test_new_234
8DKE:L,0,rat,K,5.0999999999999995e-53,169.7,0,105,,,0.0,,0.0,106,0.0,ELECTRON MICROSCOPY,,2022-09-21,2022,test_new_234
8DKF:L,0,rhesus,K,3.8e-55,176.6,0,112,,,0.0,,0.0,217,1.79,X-RAY DIFFRACTION,0.239,2023-07-12,2023,test_new_234
8DKW:L,0,rat,K,5.0999999999999995e-53,169.7,0,105,,,0.0,,0.0,106,0.0,ELECTRON MICROSCOPY,,2022-09-21,2022,test_new_234
8DKX:L,0,rat,K,5.0999999999999995e-53,169.7,0,105,,,0.0,,0.0,106,0.0,ELECTRON MICROSCOPY,,2022-09-21,2022,test_new_234
8DL6:L,0,mouse,K,2.8e-53,170.5,0,107,,,0.0,,0.0,213,0.0,ELECTRON MICROSCOPY,,2023-01-25,2023,test_new_234
8DL7:L,0,mouse,K,2.8e-53,170.5,0,107,,,0.0,,0.0,213,0.0,ELECTRON MICROSCOPY,,2022-12-07,2022,test_new_234
8DL8:L,0,mouse,K,2.8e-53,170.5,0,107,,,0.0,,0.0,213,0.0,ELECTRON MICROSCOPY,,2022-12-07,2022,test_new_234
8DLR:L,0,human,L,3.5e-52,167.0,0,105,,,0.0,,0.0,106,0.0,ELECTRON MICROSCOPY,,2022-08-31,2022,test_new_234
8DLS:L,0,human,K,6e-57,182.2,0,111,,,0.0,,0.0,112,0.0,ELECTRON MICROSCOPY,,2022-08-31,2022,test_new_234
8DLW:L,0,rhesus,K,1.5e-56,181.1,0,104,,,0.0,,0.0,105,0.0,ELECTRON MICROSCOPY,,2022-08-31,2022,test_new_234
8DM3:L,0,human,K,6e-57,182.2,0,111,,,0.0,,0.0,112,0.0,ELECTRON MICROSCOPY,,2023-01-25,2023,test_new_234
8DM4:L,0,human,K,6e-57,182.2,0,111,,,0.0,,0.0,112,0.0,ELECTRON MICROSCOPY,,2023-01-25,2023,test_new_234
8DMH:L,0,rhesus,K,3e-53,170.4,0,107,,,0.0,,0.0,108,0.0,ELECTRON MICROSCOPY,,2023-04-12,2023,test_new_234
8DN6:L,0,rhesus,K,4.8e-57,182.7,0,107,,,0.0,,0.0,214,3.0,X-RAY DIFFRACTION,0.24,2023-05-17,2023,test_new_234
8DN7:L,0,human,K,1.8e-56,180.7,0,108,,,0.0,,0.0,214,2.0,X-RAY DIFFRACTION,0.211,2023-05-17,2023,test_new_234
8DOZ:L,0,mouse,L,1.1e-58,187.9,0,108,,,0.0,,0.0,211,1.7,X-RAY DIFFRACTION,0.177,2023-06-21,2023,test_new_234
8DP3:L,0,rhesus,K,2.2e-56,180.6,0,107,,,0.0,,0.0,214,1.91,X-RAY DIFFRACTION,0.209,2023-04-19,2023,test_new_234
8DPM:L,0,rhesus,L,4e-53,170.1,0,109,,,0.0,,0.0,110,3.0,ELECTRON MICROSCOPY,,2023-07-19,2023,test_new_234
8DS5:L,0,mouse,K,1.3e-52,168.4,0,106,,,0.0,,0.0,212,1.926,X-RAY DIFFRACTION,0.209,2022-09-28,2022,test_new_234
8DS7:L,0,human,K,5.1e-57,182.4,0,112,,,0.0,,0.0,219,1.88,X-RAY DIFFRACTION,0.156,2024-02-07,2024,test_new_234
8DT3:L,0,mouse,K,3.899999999999999e-55,176.5,0,107,,,0.0,,0.0,109,0.0,ELECTRON MICROSCOPY,,2022-08-03,2022,test_new_234
8DTO:L,0,rhesus,L,3.8e-48,154.0,0,105,,,0.0,,0.0,106,0.0,ELECTRON MICROSCOPY,,2023-04-19,2023,test_new_234
8DTR:L,0,human,K,1.2e-52,168.4,0,110,,,0.0,,0.0,216,1.5,X-RAY DIFFRACTION,0.198,2022-11-23,2022,test_new_234
8DTT:L,0,human,K,5.3e-56,179.2,0,110,,,0.0,,0.0,216,1.75,X-RAY DIFFRACTION,0.195,2022-11-23,2022,test_new_234
8DTX:L,0,human,K,2.8e-55,176.8,0,110,,,0.0,,0.0,216,1.6,X-RAY DIFFRACTION,0.185,2022-11-23,2022,test_new_234
8DUA:L,0,human,K,1.8e-57,183.9,0,106,,,0.0,,0.0,107,0.0,ELECTRON MICROSCOPY,,2022-10-26,2022,test_new_234
8DUZ:L,0,mouse,L,1.1e-58,187.9,0,108,,,0.0,,0.0,211,1.65,X-RAY DIFFRACTION,0.189,2023-07-05,2023,test_new_234
8DW2:L,0,human,K,8.3e-56,178.5,0,107,,,0.0,,0.0,213,0.0,ELECTRON MICROSCOPY,,2022-12-07,2022,test_new_234
8DW3:L,0,human,K,2.0000000000000002e-60,193.5,0,113,,,0.0,,0.0,219,0.0,ELECTRON MICROSCOPY,,2022-12-07,2022,test_new_234
8DXT:L,0,human,K,8.6e-56,178.5,0,106,,,0.0,,0.0,211,2.25,X-RAY DIFFRACTION,0.211,2023-01-18,2023,test_new_234
8DXU:L,0,human,K,5.3e-56,179.1,0,107,,,0.0,,0.0,212,2.728,X-RAY DIFFRACTION,0.223,2023-01-18,2023,test_new_234
8DYX:L,0,rhesus,L,1.8e-54,174.5,0,111,,,0.0,,0.0,112,3.0,ELECTRON MICROSCOPY,,2023-08-02,2023,test_new_234
8DZ3:L,0,human,K,1.7e-57,184.0,0,104,,,0.0,,0.0,105,2.7,ELECTRON MICROSCOPY,,2023-08-02,2023,test_new_234
8DZH:L,0,human,K,8.3e-57,181.8,0,108,,,0.0,,0.0,109,0.0,ELECTRON MICROSCOPY,,2022-08-31,2022,test_new_234
8DZI:L,0,human,K,8.3e-57,181.8,0,108,,,0.0,,0.0,109,0.0,ELECTRON MICROSCOPY,,2022-08-31,2022,test_new_234
8E1G:L,0,human,K,2.4e-56,180.3,0,107,,,0.0,,0.0,213,2.57,X-RAY DIFFRACTION,0.196,2023-06-28,2023,test_new_234
8E1M:L,0,mouse,K,2.8e-52,167.3,0,110,,,0.0,,0.0,111,2.9,ELECTRON MICROSCOPY,,2023-06-21,2023,test_new_234
8E6J:L,0,human,K,7.7e-57,181.9,0,106,,,0.0,,0.0,107,2.7,ELECTRON MICROSCOPY,,2023-08-09,2023,test_new_234
8E7M:L,0,human,K,3.6e-57,182.9,0,107,,,0.0,,0.0,214,0.0,ELECTRON MICROSCOPY,,2022-09-28,2022,test_new_234
8E8R:L,0,rhesus,L,1.2e-50,162.1,0,108,,,0.0,,0.0,109,2.66,ELECTRON MICROSCOPY,,2023-06-21,2023,test_new_234
8E8S:L,0,rhesus,L,3.8e-51,163.7,0,109,,,0.0,,0.0,110,2.73,ELECTRON MICROSCOPY,,2023-06-21,2023,test_new_234
8E8X:L,0,rhesus,L,2.2e-50,161.3,0,107,,,0.0,,0.0,108,2.91,ELECTRON MICROSCOPY,,2023-06-21,2023,test_new_234
8E8Y:L,0,rhesus,L,1.2e-50,162.1,0,108,,,0.0,,0.0,109,2.5,ELECTRON MICROSCOPY,,2023-06-21,2023,test_new_234
8EB2:L,0,rhesus,K,1.4000000000000001e-59,190.9,0,112,,,0.0,,0.0,218,2.9,X-RAY DIFFRACTION,0.239,2022-11-30,2022,test_new_234
8EE0:L,0,rhesus,K,2.6000000000000004e-57,183.6,0,113,,,0.0,,0.0,215,2.65,X-RAY DIFFRACTION,0.211,2023-05-31,2023,test_new_234
8EE1:L,0,human,K,4.2e-53,169.8,0,108,,,0.0,,0.0,205,2.7,X-RAY DIFFRACTION,0.225,2023-05-31,2023,test_new_234
8EE8:L,0,rhesus,L,7.3e-51,162.8,0,114,,,0.0,,0.0,217,2.803,X-RAY DIFFRACTION,0.241,2023-08-30,2023,test_new_234
8EEE:L,0,rhesus,L,4.9e-52,166.6,0,115,,,0.0,,0.0,217,2.819,X-RAY DIFFRACTION,0.217,2023-08-30,2023,test_new_234
8EEZ:L,0,rhesus,L,7.3e-51,162.8,0,114,,,0.0,,0.0,217,2.25,X-RAY DIFFRACTION,0.186,2023-08-30,2023,test_new_234
8EF0:L,0,rhesus,L,1.5e-52,168.3,0,116,,,0.0,,0.0,218,2.55,X-RAY DIFFRACTION,0.185,2023-08-30,2023,test_new_234
8EF1:L,0,rhesus,L,1.4e-53,171.6,0,109,,,0.0,,0.0,212,1.87,X-RAY DIFFRACTION,0.173,2023-08-30,2023,test_new_234
8EF2:L,0,rhesus,L,3.6e-51,163.8,0,115,,,0.0,,0.0,219,2.102,X-RAY DIFFRACTION,0.172,2023-08-30,2023,test_new_234
8EF3:L,0,rhesus,L,7.4e-50,159.6,0,108,,,0.0,,0.0,211,1.672,X-RAY DIFFRACTION,0.182,2023-08-30,2023,test_new_234
8EK1:L,0,rhesus,K,2.6e-55,177.1,0,107,,,0.0,,0.0,213,0.0,ELECTRON MICROSCOPY,,2023-03-15,2023,test_new_234
8EK6:L,0,human,L,2.9e-50,160.8,0,108,,,0.0,,0.0,212,1.954,X-RAY DIFFRACTION,0.185,2023-01-25,2023,test_new_234
8EKA:L,0,rhesus,K,2.0999999999999998e-55,177.4,0,106,,,0.0,,0.0,107,0.0,ELECTRON MICROSCOPY,,2023-03-15,2023,test_new_234
8EKH:L,0,human,L,3.5e-40,128.2,0,99,,,0.0,,0.0,202,2.7,X-RAY DIFFRACTION,0.245,2023-01-25,2023,test_new_234
8EL2:L,0,rhesus,L,8e-53,169.2,0,110,,,0.0,,0.0,213,2.89,X-RAY DIFFRACTION,0.239,2023-07-19,2023,test_new_234
8ELI:L,0,human,K,1.6999999999999998e-53,171.1,0,107,,,0.0,,0.0,213,1.49,X-RAY DIFFRACTION,0.162,2023-09-27,2023,test_new_234
8ELO:L,0,human,K,1.6000000000000006e-59,190.5,0,109,,,0.0,,0.0,215,2.72,X-RAY DIFFRACTION,0.22,2023-07-05,2023,test_new_234
8ELP:L,0,human,K,1.6000000000000006e-59,190.5,0,109,,,0.0,,0.0,215,2.83,X-RAY DIFFRACTION,0.238,2023-07-05,2023,test_new_234
8ELQ:L,0,human,K,1.6000000000000006e-59,190.5,0,109,,,0.0,,0.0,215,2.21,X-RAY DIFFRACTION,0.234,2023-07-05,2023,test_new_234
8EOO:L,0,human,K,4.9e-56,179.3,0,112,,,0.0,,0.0,218,2.77,X-RAY DIFFRACTION,0.194,2023-06-14,2023,test_new_234
8EPA:L,0,human,K,2.2e-58,186.9,0,105,,,0.0,,0.0,106,0.0,ELECTRON MICROSCOPY,,2023-01-25,2023,test_new_234
8EQ6:L,0,human,K,3.6e-56,179.7,0,108,,,0.0,,0.0,212,1.65,X-RAY DIFFRACTION,0.228,2023-10-11,2023,test_new_234
8EQA:L,0,rhesus,K,1.2e-58,187.9,0,108,,,0.0,,0.0,215,2.55,X-RAY DIFFRACTION,0.215,2023-08-09,2023,test_new_234
8EQC:L,0,human,K,4.5e-56,179.4,0,107,,,0.0,,0.0,214,2.2,X-RAY DIFFRACTION,0.179,2023-08-09,2023,test_new_234
8EUU:L,0,human,K,2.5e-53,170.5,0,106,,,0.0,,0.0,107,2.7,ELECTRON MICROSCOPY,,2023-09-27,2023,test_new_234
8EUV:L,0,human,K,2.5e-53,170.5,0,106,,,0.0,,0.0,107,2.6,ELECTRON MICROSCOPY,,2023-09-27,2023,test_new_234
8EUW:L,0,human,K,2.5e-53,170.5,0,106,,,0.0,,0.0,107,2.7,ELECTRON MICROSCOPY,,2023-09-27,2023,test_new_234
8EZ3:L,0,rhesus,L,2.4e-52,167.6,0,110,,,0.0,,0.0,111,2.5,ELECTRON MICROSCOPY,,2023-11-08,2023,test_new_234
8EZ7:L,0,human,K,1.5999999999999999e-55,177.6,0,109,,,0.0,,0.0,110,2.6,ELECTRON MICROSCOPY,,2023-11-08,2023,test_new_234
8EZ8:L,0,rhesus,L,4.8e-51,163.4,0,108,,,0.0,,0.0,109,2.78,ELECTRON MICROSCOPY,,2023-11-08,2023,test_new_234
8F0L:L,0,human,K,1.5e-58,187.4,0,112,,,0.0,,0.0,216,1.81,X-RAY DIFFRACTION,0.166,2023-03-29,2023,test_new_234
8F2T:L,0,human,K,5.4e-56,179.1,0,107,,,0.0,,0.0,211,2.12,X-RAY DIFFRACTION,0.203,2023-12-13,2023,test_new_234
8F38:L,0,human,L,5.499999999999999e-53,169.6,0,108,,,0.0,,0.0,109,2.64,ELECTRON MICROSCOPY,,2023-12-13,2023,test_new_234
8F5I:L,0,rhesus,K,1.4e-57,184.5,0,109,,,0.0,,0.0,215,1.9,X-RAY DIFFRACTION,0.211,2023-10-11,2023,test_new_234
8F5N:L,0,mouse,K,1.6e-50,161.6,0,106,,,0.0,,0.0,210,1.9,X-RAY DIFFRACTION,0.202,2023-03-08,2023,test_new_234
8F60:L,0,rabbit,K,7.499999999999999e-55,175.4,1,113,,,0.0,,0.0,217,1.64,X-RAY DIFFRACTION,0.181,2023-05-24,2023,test_new_234
8F6E:L,0,rhesus,K,1.2e-56,181.5,0,108,,,0.0,,0.0,191,0.0,ELECTRON MICROSCOPY,,2023-02-08,2023,test_new_234
8F6F:L,0,rhesus,K,1.2e-56,181.5,0,108,,,0.0,,0.0,191,0.0,ELECTRON MICROSCOPY,,2023-02-08,2023,test_new_234
8F6H:L,0,rhesus,K,1.2e-56,181.5,0,108,,,0.0,,0.0,191,0.0,ELECTRON MICROSCOPY,,2023-02-08,2023,test_new_234
8F6I:L,0,rhesus,K,1.2e-56,181.5,0,108,,,0.0,,0.0,191,0.0,ELECTRON MICROSCOPY,,2023-02-08,2023,test_new_234
8F6J:L,0,rhesus,K,1.2e-56,181.5,0,108,,,0.0,,0.0,191,0.0,ELECTRON MICROSCOPY,,2023-02-08,2023,test_new_234
8F6L:L,0,human,K,1.0999999999999999e-53,171.6,0,110,,,0.0,,0.0,217,1.85,X-RAY DIFFRACTION,0.198,2023-05-24,2023,test_new_234
8F6O:L,0,human,K,5.9999999999999996e-55,175.8,0,110,,,0.0,,0.0,217,2.31,X-RAY DIFFRACTION,0.215,2023-05-24,2023,test_new_234
8F7Z:L,0,human,K,1.6e-52,167.9,0,107,,,0.0,,0.0,212,2.7,X-RAY DIFFRACTION,0.211,2023-11-01,2023,test_new_234
8F95:L,0,rhesus,K,2.4e-58,186.9,0,106,,,0.0,,0.0,213,2.45,X-RAY DIFFRACTION,0.187,2023-11-01,2023,test_new_234
8F9E:L,0,rhesus,K,2.4e-58,186.9,0,106,,,0.0,,0.0,213,2.95,X-RAY DIFFRACTION,0.216,2023-11-01,2023,test_new_234
8F9F:L,0,rhesus,K,2.4e-58,186.9,0,106,,,0.0,,0.0,213,2.2,X-RAY DIFFRACTION,0.213,2023-11-01,2023,test_new_234
8F9S:L,0,rhesus,K,2.4e-58,186.9,0,106,,,0.0,,0.0,213,2.1,X-RAY DIFFRACTION,0.205,2023-11-01,2023,test_new_234
8F9T:L,0,rhesus,K,2.4e-58,186.9,0,106,,,0.0,,0.0,213,1.85,X-RAY DIFFRACTION,0.172,2023-11-01,2023,test_new_234
8F9U:L,0,rhesus,K,2.2000000000000008e-59,190.2,0,106,,,0.0,,0.0,213,1.7,X-RAY DIFFRACTION,0.208,2023-11-01,2023,test_new_234
8F9V:L,0,rhesus,K,2.700000000000001e-59,190.0,0,106,,,0.0,,0.0,213,2.25,X-RAY DIFFRACTION,0.259,2023-11-01,2023,test_new_234
8F9W:L,0,rhesus,K,2.700000000000001e-59,190.0,0,106,,,0.0,,0.0,213,2.4,X-RAY DIFFRACTION,0.202,2023-11-01,2023,test_new_234
8FA6:L,0,rhesus,K,7.600000000000001e-58,185.3,0,106,,,0.0,,0.0,213,2.6,X-RAY DIFFRACTION,0.204,2023-11-01,2023,test_new_234
8FA7:L,0,rhesus,K,2.3000000000000002e-58,187.0,0,106,,,0.0,,0.0,213,1.8,X-RAY DIFFRACTION,0.171,2023-11-01,2023,test_new_234
8FA8:L,0,rhesus,K,2.2e-58,187.0,0,106,,,0.0,,0.0,212,1.8,X-RAY DIFFRACTION,0.177,2023-11-01,2023,test_new_234
8FA9:L,0,rhesus,K,2e-59,190.4,0,106,,,0.0,,0.0,212,2.45,X-RAY DIFFRACTION,0.187,2023-11-01,2023,test_new_234
8FAN:L,0,rhesus,K,3.3000000000000004e-57,183.2,0,106,,,0.0,,0.0,212,2.9,X-RAY DIFFRACTION,0.215,2023-11-01,2023,test_new_234
8FAS:L,0,rhesus,K,1e-55,178.4,0,112,,,0.0,,0.0,217,1.55,X-RAY DIFFRACTION,0.165,2023-11-01,2023,test_new_234
8FAT:L,0,human,K,6.2e-52,166.0,0,110,,,0.0,,0.0,215,2.95,X-RAY DIFFRACTION,0.224,2023-11-01,2023,test_new_234
8FAX:L,0,human,K,6e-51,162.8,0,109,,,0.0,,0.0,213,2.1,X-RAY DIFFRACTION,0.182,2023-05-03,2023,test_new_234
8FB5:L,0,rhesus,K,2.2e-58,187.0,0,106,,,0.0,,0.0,212,2.9,X-RAY DIFFRACTION,0.248,2023-11-01,2023,test_new_234
8FB6:L,0,rhesus,K,7.5e-58,185.3,0,106,,,0.0,,0.0,212,2.15,X-RAY DIFFRACTION,0.189,2023-11-01,2023,test_new_234
8FB7:L,0,rhesus,K,7.5e-58,185.3,0,106,,,0.0,,0.0,212,1.75,X-RAY DIFFRACTION,0.163,2023-11-01,2023,test_new_234
8FB8:L,0,rhesus,K,7.5e-58,185.3,0,106,,,0.0,,0.0,212,1.69,X-RAY DIFFRACTION,0.16,2023-11-01,2023,test_new_234
8FBA:L,0,rhesus,K,5.9e-54,172.7,0,106,,,0.0,,0.0,213,1.96,X-RAY DIFFRACTION,0.178,2023-11-01,2023,test_new_234
8FBW:L,0,rhesus,L,2.9e-53,170.6,0,110,,,0.0,,0.0,216,2.35,X-RAY DIFFRACTION,0.194,2023-01-18,2023,test_new_234
8FDC:L,0,human,K,6.1999999999999985e-55,175.7,0,106,,,0.0,,0.0,212,1.8,X-RAY DIFFRACTION,0.199,2023-11-01,2023,test_new_234
8FDD:L,0,rhesus,K,1.3e-58,187.7,0,106,,,0.0,,0.0,212,1.54,X-RAY DIFFRACTION,0.175,2023-11-01,2023,test_new_234
8FDO:L,0,human,K,1.5e-56,181.0,0,108,,,0.0,,0.0,214,2.2,X-RAY DIFFRACTION,0.189,2023-10-11,2023,test_new_234
8FFE:L,0,human,K,1.4e-56,181.0,0,107,,,0.0,,0.0,212,1.72,X-RAY DIFFRACTION,0.185,2023-03-08,2023,test_new_234
8FG0:L,0,rhesus,K,6.3e-58,185.5,0,112,,,0.0,,0.0,218,2.36,X-RAY DIFFRACTION,0.176,2023-05-10,2023,test_new_234
8FGX:L,0,human,K,5.9999999999999996e-55,175.7,0,107,,,0.0,,0.0,213,2.62,ELECTRON MICROSCOPY,,2023-09-06,2023,test_new_234
8FHY:L,0,human,K,1.5999999999999999e-55,177.6,0,107,,,0.0,,0.0,214,2.53,X-RAY DIFFRACTION,0.195,2024-01-17,2024,test_new_234
8FJA:L,0,human,K,7.7999999999999985e-56,178.6,0,107,,,0.0,,0.0,214,3.0,ELECTRON MICROSCOPY,,2023-12-20,2023,test_new_234
8FR6:L,0,human,K,1.8e-54,174.2,0,112,,,0.0,,0.0,113,0.0,ELECTRON MICROSCOPY,,2023-04-19,2023,test_new_234
8FWF:L,0,mouse,K,1.3000000000000002e-57,184.5,0,113,,,0.0,,0.0,220,1.94,X-RAY DIFFRACTION,0.171,2023-10-11,2023,test_new_234
8FXJ:L,0,mouse,K,1.2e-52,168.5,0,106,,,0.0,,0.0,212,2.0,X-RAY DIFFRACTION,0.167,2023-10-11,2023,test_new_234
8FYM:L,0,mouse,K,1.3000000000000002e-57,184.5,0,113,,,0.0,,0.0,220,2.45,X-RAY DIFFRACTION,0.2,2023-10-11,2023,test_new_234
8FZO:L,0,mouse,K,2.1e-49,158.0,0,107,,,0.0,,0.0,213,1.83,X-RAY DIFFRACTION,0.173,2023-10-18,2023,test_new_234
8FZP:L,0,human,K,1.1e-57,184.6,0,113,,,0.0,,0.0,230,1.63,X-RAY DIFFRACTION,0.224,2023-10-18,2023,test_new_234
8G19:L,0,human,L,6.8e-46,146.7,0,106,,,0.0,,0.0,208,1.77,X-RAY DIFFRACTION,0.187,2023-10-18,2023,test_new_234
8G1B:L,0,rhesus,K,7.5999999999999995e-56,178.8,0,112,,,0.0,,0.0,216,1.67,X-RAY DIFFRACTION,0.194,2023-10-18,2023,test_new_234
8G1C:L,0,human,K,4.4e-56,179.4,0,107,,,0.0,,0.0,211,1.63,X-RAY DIFFRACTION,0.202,2023-10-18,2023,test_new_234
8G2M:L,0,mouse,K,1.5999999999999998e-41,132.4,2,94,,,0.0,,0.0,200,1.8,X-RAY DIFFRACTION,0.18,2024-02-14,2024,test_new_234
8G2O:L,0,mouse,K,7.199999999999999e-55,175.6,0,111,,,0.0,,0.0,215,1.7,X-RAY DIFFRACTION,0.186,2023-10-18,2023,test_new_234
8G3M:L,0,rhesus,K,3.3e-54,173.5,0,108,,,0.0,,0.0,110,3.0,ELECTRON MICROSCOPY,,2023-05-31,2023,test_new_234
8G3N:L,0,rhesus,K,3.3e-54,173.5,0,108,,,0.0,,0.0,110,2.9,ELECTRON MICROSCOPY,,2023-05-31,2023,test_new_234
8G3P:L,0,rhesus,K,3.3e-54,173.5,0,108,,,0.0,,0.0,110,2.5,ELECTRON MICROSCOPY,,2023-05-31,2023,test_new_234
8G3Q:L,0,rhesus,K,5.4e-57,182.6,0,107,,,0.0,,0.0,109,2.3,ELECTRON MICROSCOPY,,2023-05-31,2023,test_new_234
8G3R:L,0,rhesus,K,5.4e-57,182.6,0,107,,,0.0,,0.0,109,2.3,ELECTRON MICROSCOPY,,2023-05-31,2023,test_new_234
8G3V:L,0,rhesus,K,1.1e-54,175.1,0,108,,,0.0,,0.0,109,2.2,ELECTRON MICROSCOPY,,2023-05-31,2023,test_new_234
8G3Z:L,0,rhesus,K,5.4e-57,182.6,0,107,,,0.0,,0.0,109,2.3,ELECTRON MICROSCOPY,,2023-05-31,2023,test_new_234
8G40:L,0,rhesus,K,1.1e-54,175.1,0,108,,,0.0,,0.0,109,2.8,ELECTRON MICROSCOPY,,2023-05-31,2023,test_new_234
8G4M:L,0,human,K,6.200000000000001e-58,185.4,0,106,,,0.0,,0.0,107,2.95,ELECTRON MICROSCOPY,,2023-07-12,2023,test_new_234
8G4P:L,0,rhesus,K,1.3e-54,174.8,0,107,,,0.0,,0.0,214,2.25,X-RAY DIFFRACTION,0.189,2023-12-20,2023,test_new_234
8G4T:L,0,rhesus,K,8.9e-54,172.1,0,105,,,0.0,,0.0,106,2.81,ELECTRON MICROSCOPY,,2023-07-12,2023,test_new_234
8G85:L,0,mouse,K,5.9e-51,163.0,0,105,,,0.0,,0.0,106,0.0,ELECTRON MICROSCOPY,,2023-04-19,2023,test_new_234
8G8A:L,0,rhesus,K,2.8e-57,183.5,0,109,,,0.0,,0.0,216,2.44,X-RAY DIFFRACTION,0.222,2024-05-22,2024,test_new_234
8G8C:L,0,human,K,1.8e-52,167.7,0,110,,,0.0,,0.0,216,2.08,X-RAY DIFFRACTION,0.199,2024-05-22,2024,test_new_234
8G8D:L,0,rhesus,L,5.1e-50,160.1,0,108,,,0.0,,0.0,211,2.02,X-RAY DIFFRACTION,0.198,2024-05-22,2024,test_new_234
8G8N:L,0,mouse,K,4.6999999999999995e-49,156.8,0,106,,,0.0,,0.0,211,3.0,X-RAY DIFFRACTION,0.239,2024-01-17,2024,test_new_234
8G9W:L,0,mouse,K,3.6e-48,154.0,0,105,,,0.0,,0.0,106,0.0,ELECTRON MICROSCOPY,,2023-04-19,2023,test_new_234
8G9X:L,0,mouse,K,3.6e-48,154.0,0,105,,,0.0,,0.0,106,0.0,ELECTRON MICROSCOPY,,2023-04-19,2023,test_new_234
8G9Y:L,0,mouse,K,3.6e-48,154.0,0,105,,,0.0,,0.0,106,0.0,ELECTRON MICROSCOPY,,2023-04-19,2023,test_new_234
8GAS:L,0,rat,K,1.7e-52,168.0,0,111,,,0.0,,0.0,112,0.0,ELECTRON MICROSCOPY,,2023-04-19,2023,test_new_234
8GAT:L,0,human,K,1e-55,178.3,0,107,,,0.0,,0.0,108,3.0,ELECTRON MICROSCOPY,,2024-02-28,2024,test_new_234
8GAV:L,0,rhesus,L,1.4999999999999998e-49,158.5,0,106,,,0.0,,0.0,107,2.7,ELECTRON MICROSCOPY,,2024-02-28,2024,test_new_234
8GB6:L,0,human,K,1.5e-58,187.4,0,107,,,0.0,,0.0,213,1.75,X-RAY DIFFRACTION,0.182,2023-05-24,2023,test_new_234
8GB7:L,0,human,K,1.3e-52,168.2,0,107,,,0.0,,0.0,211,2.57,X-RAY DIFFRACTION,0.204,2023-05-24,2023,test_new_234
8GB8:L,0,human,K,1.3e-52,168.2,0,107,,,0.0,,0.0,211,2.3,X-RAY DIFFRACTION,0.2,2023-05-24,2023,test_new_234
8GBV:L,0,human,K,1.6e-54,174.3,0,109,,,0.0,,0.0,215,2.08,X-RAY DIFFRACTION,0.193,2023-06-07,2023,test_new_234
8GBW:L,0,human,K,1.4e-52,168.1,0,109,,,0.0,,0.0,215,1.5,X-RAY DIFFRACTION,0.182,2023-06-07,2023,test_new_234
8GBX:L,0,rhesus,K,9e-55,175.4,0,109,,,0.0,,0.0,216,2.7,X-RAY DIFFRACTION,0.212,2023-06-07,2023,test_new_234
8GBY:L,0,rhesus,K,6.9e-51,162.8,0,109,,,0.0,,0.0,215,2.35,X-RAY DIFFRACTION,0.236,2023-06-07,2023,test_new_234
8GBZ:L,0,rhesus,K,1.1e-49,158.9,0,108,,,0.0,,0.0,215,1.97,X-RAY DIFFRACTION,0.219,2023-06-07,2023,test_new_234
8GC0:L,0,rhesus,K,3.8999999999999986e-49,157.1,0,108,,,0.0,,0.0,215,2.43,X-RAY DIFFRACTION,0.211,2023-06-07,2023,test_new_234
8GDO:L,0,rhesus,K,8.5e-54,172.2,0,112,,,0.0,,0.0,219,1.95,X-RAY DIFFRACTION,0.203,2024-03-13,2024,test_new_234
8GF2:L,0,human,K,2.5e-59,189.9,0,113,,,0.0,,0.0,221,2.851,X-RAY DIFFRACTION,0.209,2023-08-23,2023,test_new_234
8GHO:L,0,human,K,3.7e-58,186.1,0,108,,,0.0,,0.0,109,1.6,X-RAY DIFFRACTION,0.197,2023-08-30,2023,test_new_234
8GKJ:L,0,mouse,K,7.3e-52,165.9,0,111,,,0.0,,0.0,218,1.9,X-RAY DIFFRACTION,0.182,2024-03-20,2024,test_new_234
8GKK:L,0,rhesus,K,1.3e-55,178.1,0,111,,,0.0,,0.0,215,1.75,X-RAY DIFFRACTION,0.167,2024-03-20,2024,test_new_234
8GKL:L,0,mouse,K,7e-52,166.0,0,111,,,0.0,,0.0,214,2.6,X-RAY DIFFRACTION,0.215,2024-03-20,2024,test_new_234
8GPY:L,0,rhesus,L,7.499999999999999e-53,169.2,0,109,,,0.0,,0.0,111,2.51,X-RAY DIFFRACTION,0.215,2023-06-28,2023,test_new_234
8GS9:L,0,human,K,1.1e-54,174.8,0,101,,,0.0,,0.0,102,2.66,ELECTRON MICROSCOPY,,2023-05-03,2023,test_new_234
8GSC:L,0,mouse,K,1.2e-56,181.4,0,113,,,0.0,,0.0,114,0.0,ELECTRON MICROSCOPY,,2022-12-14,2022,test_new_234
8GSD:L,0,mouse,K,1.2e-56,181.4,0,113,,,0.0,,0.0,114,0.0,ELECTRON MICROSCOPY,,2022-12-14,2022,test_new_234
8GSE:L,0,mouse,K,1.2e-56,181.4,0,113,,,0.0,,0.0,114,0.0,ELECTRON MICROSCOPY,,2022-12-14,2022,test_new_234
8GSF:L,0,mouse,K,1.2e-56,181.4,0,113,,,0.0,,0.0,114,0.0,ELECTRON MICROSCOPY,,2022-12-14,2022,test_new_234
8GSI:L,0,human,K,2.2e-58,186.9,0,107,,,0.0,,0.0,214,2.02,X-RAY DIFFRACTION,0.197,2023-09-06,2023,test_new_234
8GUZ:L,0,human,K,4.3e-53,169.8,0,107,,,0.0,,0.0,214,1.79,X-RAY DIFFRACTION,0.201,2023-06-28,2023,test_new_234
8GV1:L,0,human,L,3.6000000000000004e-44,141.1,0,107,,,0.0,,0.0,212,1.186,X-RAY DIFFRACTION,0.206,2023-06-28,2023,test_new_234
8GV2:L,0,human,L,3.6000000000000004e-44,141.1,0,107,,,0.0,,0.0,212,1.274,X-RAY DIFFRACTION,0.195,2023-06-28,2023,test_new_234
8GV4:L,0,human,K,2.2999999999999998e-55,177.1,0,107,,,0.0,,0.0,214,2.5,X-RAY DIFFRACTION,0.195,2022-12-21,2022,test_new_234
8GV7:L,0,human,K,3.5e-56,179.7,0,106,,,0.0,,0.0,107,2.6,X-RAY DIFFRACTION,0.209,2022-12-21,2022,test_new_234
8GY5:L,0,human,K,1.1e-51,165.2,0,107,,,0.0,,0.0,212,1.98,X-RAY DIFFRACTION,0.187,2023-10-04,2023,test_new_234
8GYE:L,0,mouse,K,3.4999999999999995e-55,176.6,0,107,,,0.0,,0.0,213,2.3,X-RAY DIFFRACTION,0.222,2023-09-27,2023,test_new_234
8GZZ:L,0,rabbit,K,5.6e-58,185.6,0,110,,,0.0,,0.0,111,0.0,ELECTRON MICROSCOPY,,2023-04-12,2023,test_new_234
8H00:L,0,rabbit,K,5.6e-58,185.6,0,110,,,0.0,,0.0,111,0.0,ELECTRON MICROSCOPY,,2023-04-12,2023,test_new_234
8H01:L,0,rabbit,K,5.6e-58,185.6,0,110,,,0.0,,0.0,111,0.0,ELECTRON MICROSCOPY,,2023-04-12,2023,test_new_234
8H07:L,0,human,K,5.200000000000001e-57,182.4,0,105,,,0.0,,0.0,106,2.9,ELECTRON MICROSCOPY,,2023-05-31,2023,test_new_234
8H7L:L,0,human,K,5.6e-48,153.2,0,107,,,0.0,,0.0,211,2.44,ELECTRON MICROSCOPY,,2023-08-30,2023,test_new_234
8H8Q:L,0,mouse,K,5.1e-54,172.9,0,113,,,0.0,,0.0,218,2.5,X-RAY DIFFRACTION,0.211,2023-10-25,2023,test_new_234
8HC2:L,0,human,K,4.1e-57,182.7,0,108,,,0.0,,0.0,215,0.0,ELECTRON MICROSCOPY,,2023-01-25,2023,test_new_234
8HC3:L,0,human,K,4.1e-57,182.7,0,108,,,0.0,,0.0,215,0.0,ELECTRON MICROSCOPY,,2023-01-25,2023,test_new_234
8HC4:L,0,rhesus,L,1.1999999999999998e-53,171.9,0,110,,,0.0,,0.0,213,0.0,ELECTRON MICROSCOPY,,2023-01-25,2023,test_new_234
8HC5:L,0,human,K,4.1e-57,182.7,0,108,,,0.0,,0.0,215,0.0,ELECTRON MICROSCOPY,,2023-01-25,2023,test_new_234
8HC6:L,0,human,K,4.1e-57,182.7,0,108,,,0.0,,0.0,215,0.0,ELECTRON MICROSCOPY,,2023-01-25,2023,test_new_234
8HC7:L,0,human,K,8.1e-57,181.8,0,106,,,0.0,,0.0,107,0.0,ELECTRON MICROSCOPY,,2023-01-25,2023,test_new_234
8HC8:L,0,rhesus,K,7.2e-45,143.3,0,102,,,0.0,,0.0,209,0.0,ELECTRON MICROSCOPY,,2023-01-25,2023,test_new_234
8HC9:L,0,pig,K,3e-57,183.2,0,112,,,0.0,,0.0,219,0.0,ELECTRON MICROSCOPY,,2023-01-25,2023,test_new_234
8HCA:L,0,pig,K,3e-57,183.2,0,112,,,0.0,,0.0,219,0.0,ELECTRON MICROSCOPY,,2023-01-25,2023,test_new_234
8HCB:L,0,pig,K,3e-57,183.2,0,112,,,0.0,,0.0,219,0.0,ELECTRON MICROSCOPY,,2023-01-25,2023,test_new_234
8HEB:L,0,rabbit,K,1.5e-56,180.9,0,109,,,0.0,,0.0,110,0.0,ELECTRON MICROSCOPY,,2023-04-26,2023,test_new_234
8HEC:L,0,rabbit,K,1.5e-56,180.9,0,109,,,0.0,,0.0,110,0.0,ELECTRON MICROSCOPY,,2023-04-26,2023,test_new_234
8HED:L,0,rabbit,K,1.5e-56,180.9,0,109,,,0.0,,0.0,110,0.0,ELECTRON MICROSCOPY,,2023-04-26,2023,test_new_234
8HES:L,0,human,L,1.6999999999999996e-47,151.8,0,109,,,0.0,,0.0,212,2.2,X-RAY DIFFRACTION,0.196,2023-11-08,2023,test_new_234
8HGL:L,0,rhesus,K,7.9999999999999985e-56,178.8,0,108,,,0.0,,0.0,215,2.9,ELECTRON MICROSCOPY,,2023-10-25,2023,test_new_234
8HHX:L,0,rhesus,L,1.2e-52,168.6,0,110,,,0.0,,0.0,214,0.0,ELECTRON MICROSCOPY,,2023-02-01,2023,test_new_234
8HHY:L,0,human,K,1.1e-50,161.9,0,90,,,0.0,,0.0,91,0.0,ELECTRON MICROSCOPY,,2023-02-01,2023,test_new_234
8HHZ:L,0,rhesus,L,2.7e-54,173.9,0,110,,,0.0,,0.0,212,0.0,ELECTRON MICROSCOPY,,2023-02-01,2023,test_new_234
8HII:L,0,rhesus,K,4.8e-57,182.7,0,108,,,0.0,,0.0,212,0.0,ELECTRON MICROSCOPY,,2022-12-21,2022,test_new_234
8HIJ:L,0,rhesus,K,4.8e-57,182.7,0,108,,,0.0,,0.0,212,0.0,ELECTRON MICROSCOPY,,2022-12-21,2022,test_new_234
8HIK:L,0,rhesus,K,4.8e-57,182.7,0,108,,,0.0,,0.0,212,0.0,ELECTRON MICROSCOPY,,2022-12-21,2022,test_new_234
8HLC:L,0,human,K,1.1e-56,181.4,0,107,,,0.0,,0.0,214,2.8,ELECTRON MICROSCOPY,,2024-06-05,2024,test_new_234
8HLD:L,0,human,L,7.9e-49,156.2,0,106,,,0.0,,0.0,209,2.8,ELECTRON MICROSCOPY,,2024-06-05,2024,test_new_234
8HN6:L,0,human,K,2e-55,177.3,0,106,,,0.0,,0.0,107,2.07,X-RAY DIFFRACTION,0.192,2023-05-17,2023,test_new_234
8HN7:L,0,human,K,1.4e-56,181.0,0,107,,,0.0,,0.0,213,3.0,X-RAY DIFFRACTION,0.232,2023-05-17,2023,test_new_234
8HP9:L,0,human,K,1.8e-54,174.2,0,108,,,0.0,,0.0,215,2.75,ELECTRON MICROSCOPY,,2024-01-31,2024,test_new_234
8HPF:L,0,human,K,1.4e-56,181.0,0,109,,,0.0,,0.0,216,2.34,ELECTRON MICROSCOPY,,2023-12-20,2023,test_new_234
8HPK:L,0,mouse,K,1.4e-53,171.4,0,108,,,0.0,,0.0,215,3.0,X-RAY DIFFRACTION,0.237,2023-02-15,2023,test_new_234
8HPQ:L,0,human,K,1.4e-56,181.0,0,109,,,0.0,,0.0,216,2.85,ELECTRON MICROSCOPY,,2024-01-31,2024,test_new_234
8HPU:L,0,human,K,1.4e-56,181.0,0,109,,,0.0,,0.0,216,2.56,ELECTRON MICROSCOPY,,2023-12-20,2023,test_new_234
8HPV:L,0,human,K,1.4e-56,181.0,0,109,,,0.0,,0.0,216,2.65,ELECTRON MICROSCOPY,,2024-01-31,2024,test_new_234
8HQ7:L,0,human,K,1.4e-56,181.0,0,109,,,0.0,,0.0,216,2.7,ELECTRON MICROSCOPY,,2023-12-20,2023,test_new_234
8HRD:L,0,human,K,2.2e-57,183.6,0,107,,,0.0,,0.0,215,2.86,X-RAY DIFFRACTION,0.212,2023-12-20,2023,test_new_234
8HRH:L,0,rhesus,K,1.8999999999999998e-47,151.7,0,108,,,0.0,,0.0,206,2.07,X-RAY DIFFRACTION,0.192,2023-08-30,2023,test_new_234
8HRX:L,0,mouse,K,3.1e-54,173.6,0,107,,,0.0,,0.0,212,2.89,ELECTRON MICROSCOPY,,2024-01-17,2024,test_new_234
8HS2:L,0,rat,K,1.4e-51,165.0,0,106,,,0.0,,0.0,211,0.0,ELECTRON MICROSCOPY,,2023-03-08,2023,test_new_234
8HWS:L,0,human,K,8.4e-56,178.5,0,107,,,0.0,,0.0,214,2.36,ELECTRON MICROSCOPY,,2023-12-06,2023,test_new_234
8HWT:L,0,human,K,4.9e-58,185.7,0,107,,,0.0,,0.0,213,2.91,ELECTRON MICROSCOPY,,2023-12-06,2023,test_new_234
8HYL:L,0,human,K,5.0999999999999985e-55,176.0,0,112,,,0.0,,0.0,161,2.0,X-RAY DIFFRACTION,0.241,2024-02-14,2024,test_new_234
8I5H:L,0,human,K,6.8e-57,182.0,0,108,,,0.0,,0.0,214,2.38,X-RAY DIFFRACTION,0.188,2023-04-19,2023,test_new_234
8IB1:L,0,pig,K,4.9999999999999996e-57,182.5,0,113,,,0.0,,0.0,218,1.95,X-RAY DIFFRACTION,0.185,2023-07-26,2023,test_new_234
8IL3:L,0,mouse,K,3.8e-52,166.8,0,111,,,0.0,,0.0,218,0.0,ELECTRON MICROSCOPY,,2023-03-29,2023,test_new_234
8IPC:L,0,rat,L,5e-60,192.4,0,108,,,0.0,,0.0,213,2.2,X-RAY DIFFRACTION,0.243,2024-01-31,2024,test_new_234
8IQP:L,0,rhesus,K,1.4e-58,187.6,0,112,,,0.0,,0.0,164,1.76,X-RAY DIFFRACTION,0.205,2024-03-20,2024,test_new_234
8IQQ:L,0,rhesus,K,1.4e-58,187.6,0,112,,,0.0,,0.0,164,2.02,X-RAY DIFFRACTION,0.199,2024-03-20,2024,test_new_234
8IQR:L,0,rhesus,K,1.4e-58,187.6,0,112,,,0.0,,0.0,164,2.35,X-RAY DIFFRACTION,0.235,2024-03-20,2024,test_new_234
8IQS:L,0,human,K,2.3e-57,183.6,0,112,,,0.0,,0.0,164,2.16,X-RAY DIFFRACTION,0.236,2024-03-20,2024,test_new_234
8IUY:L,0,rat,K,3.1e-52,167.2,0,106,,,0.0,,0.0,107,2.9,ELECTRON MICROSCOPY,,2024-04-24,2024,test_new_234
8IUZ:L,0,mouse,K,1.8e-51,164.6,0,106,,,0.0,,0.0,107,3.0,ELECTRON MICROSCOPY,,2024-04-24,2024,test_new_234
8IV0:L,0,human,K,5.300000000000001e-44,140.4,0,95,,,0.0,,0.0,109,2.9,ELECTRON MICROSCOPY,,2024-04-24,2024,test_new_234
8J7E:L,0,human,K,8.8e-54,172.0,0,106,,,0.0,,0.0,211,2.8,X-RAY DIFFRACTION,0.2,2023-09-06,2023,test_new_234
8J7T:L,0,mouse,K,4.9e-53,169.7,0,111,,,0.0,,0.0,215,2.2,ELECTRON MICROSCOPY,,2023-09-20,2023,test_new_234
8J7V:L,0,mouse,K,4.9e-53,169.7,0,111,,,0.0,,0.0,215,2.79,ELECTRON MICROSCOPY,,2023-09-20,2023,test_new_234
8J7W:L,0,mouse,K,4.9e-53,169.7,0,111,,,0.0,,0.0,215,2.92,ELECTRON MICROSCOPY,,2023-09-20,2023,test_new_234
8J80:L,0,mouse,K,4.9e-53,169.7,0,111,,,0.0,,0.0,215,2.68,ELECTRON MICROSCOPY,,2023-09-20,2023,test_new_234
8J8R:L,0,human,K,3.8e-55,176.4,0,103,,,0.0,,0.0,104,2.9,ELECTRON MICROSCOPY,,2023-12-27,2023,test_new_234
8JA5:L,0,human,K,2.4e-56,180.2,0,112,,,0.0,,0.0,216,2.79,X-RAY DIFFRACTION,0.217,2024-05-08,2024,test_new_234
8JBJ:L,0,human,K,1.5e-52,168.0,0,106,,,0.0,,0.0,212,1.61,X-RAY DIFFRACTION,0.184,2023-06-21,2023,test_new_234
8JEL:L,0,human,K,7.4e-55,175.5,0,107,,,0.0,,0.0,214,2.45,X-RAY DIFFRACTION,0.192,2024-02-28,2024,test_new_234
8JEN:L,0,human,K,7.4e-55,175.5,0,107,,,0.0,,0.0,214,2.71,X-RAY DIFFRACTION,0.218,2024-02-28,2024,test_new_234
8JEO:L,0,human,K,4.5e-60,192.3,0,113,,,0.0,,0.0,220,2.06,X-RAY DIFFRACTION,0.172,2024-02-28,2024,test_new_234
8JEP:L,0,human,K,7.4e-55,175.5,0,107,,,0.0,,0.0,214,1.7,X-RAY DIFFRACTION,0.184,2024-02-28,2024,test_new_234
8JEQ:L,0,human,K,1.9000000000000001e-59,190.3,0,112,,,0.0,,0.0,219,1.96,X-RAY DIFFRACTION,0.186,2024-02-28,2024,test_new_234
8JLW:L,0,rat,K,2.3e-50,161.1,0,106,,,0.0,,0.0,107,3.0,ELECTRON MICROSCOPY,,2024-01-24,2024,test_new_234
8JLX:L,0,mouse,K,5.2999999999999996e-55,176.1,0,106,,,0.0,,0.0,107,3.0,ELECTRON MICROSCOPY,,2024-01-24,2024,test_new_234
8JNK:L,0,human,K,6.3e-56,178.9,0,108,,,0.0,,0.0,214,2.69,X-RAY DIFFRACTION,0.218,2024-01-24,2024,test_new_234
8JVA:L,0,human,K,7.199999999999999e-55,175.5,0,107,,,0.0,,0.0,213,2.81,ELECTRON MICROSCOPY,,2024-05-22,2024,test_new_234
8JYQ:L,0,mouse,K,3.5e-53,170.2,0,111,,,0.0,,0.0,153,1.75,X-RAY DIFFRACTION,0.196,2024-03-13,2024,test_new_234
8JYR:L,0,mouse,K,3.6e-52,166.9,0,111,,,0.0,,0.0,215,1.69,X-RAY DIFFRACTION,0.173,2024-03-13,2024,test_new_234
8K0D:L,0,human,K,2e-55,177.3,0,107,,,0.0,,0.0,213,2.94,ELECTRON MICROSCOPY,,2024-05-01,2024,test_new_234
8K3C:L,0,rhesus,L,8.2e-55,175.6,0,110,,,0.0,,0.0,216,2.88,ELECTRON MICROSCOPY,,2024-05-01,2024,test_new_234
8KHC:L,0,rhesus,L,1.2e-51,165.3,0,106,,,0.0,,0.0,108,3.0,ELECTRON MICROSCOPY,,2024-04-17,2024,test_new_234
8OG0:L,0,rabbit,K,1.9000000000000001e-59,190.3,0,112,,,0.0,,0.0,216,1.712,X-RAY DIFFRACTION,0.195,2024-03-27,2024,test_new_234
8OJS:L,0,rhesus,L,7.4e-50,159.6,0,110,,,0.0,,0.0,215,2.75,X-RAY DIFFRACTION,0.216,2023-06-14,2023,test_new_234
8OJT:L,0,rhesus,L,7.4e-50,159.6,0,110,,,0.0,,0.0,216,1.55,X-RAY DIFFRACTION,0.161,2023-06-14,2023,test_new_234
8OJU:L,0,rhesus,L,7.4e-50,159.6,0,110,,,0.0,,0.0,216,1.45,X-RAY DIFFRACTION,0.157,2023-06-14,2023,test_new_234
8OJV:L,0,rhesus,L,7.4e-50,159.6,0,110,,,0.0,,0.0,216,2.1,X-RAY DIFFRACTION,0.179,2023-06-14,2023,test_new_234
8OL9:L,0,human,K,2.3e-57,183.6,0,107,,,0.0,,0.0,214,2.6,X-RAY DIFFRACTION,0.267,2023-07-19,2023,test_new_234
8ONI:L,0,mouse,K,1e-51,165.4,0,106,,,0.0,,0.0,211,2.3,X-RAY DIFFRACTION,0.197,2024-04-10,2024,test_new_234
8OXV:L,0,rhesus,L,1e-52,168.8,0,110,,,0.0,,0.0,216,1.8,X-RAY DIFFRACTION,0.185,2023-10-18,2023,test_new_234
8OXW:L,0,rhesus,L,1e-52,168.8,0,110,,,0.0,,0.0,216,1.7,X-RAY DIFFRACTION,0.172,2023-10-18,2023,test_new_234
8OXX:L,0,rhesus,L,1e-52,168.8,0,110,,,0.0,,0.0,216,2.5,X-RAY DIFFRACTION,0.154,2023-10-18,2023,test_new_234
8OXY:L,0,rhesus,L,1e-52,168.8,0,110,,,0.0,,0.0,216,2.0,X-RAY DIFFRACTION,0.176,2023-10-18,2023,test_new_234
8P6H:L,0,cow,L,3.4999999999999995e-55,176.7,0,110,,,0.0,,0.0,215,1.46,X-RAY DIFFRACTION,0.222,2024-07-10,2024,test_new_234
8P6I:L,0,mouse,K,7.7e-57,182.0,0,113,,,0.0,,0.0,219,2.5,X-RAY DIFFRACTION,0.203,2024-04-03,2024,test_new_234
8P88:L,0,rhesus,L,8.9e-50,159.3,0,109,,,0.0,,0.0,212,2.022,X-RAY DIFFRACTION,0.222,2024-01-31,2024,test_new_234
8PG0:L,0,human,K,1.5e-51,164.8,0,100,,,0.0,,0.0,101,2.97,ELECTRON MICROSCOPY,,2023-09-27,2023,test_new_234
8PPM:L,0,human,K,3.8000000000000003e-59,189.3,0,107,,,0.0,,0.0,211,2.03,X-RAY DIFFRACTION,0.193,2024-02-07,2024,test_new_234
8Q6K:L,0,rhesus,L,7.4e-50,159.6,0,110,,,0.0,,0.0,216,2.1,X-RAY DIFFRACTION,0.214,2023-12-06,2023,test_new_234
8QH0:L,0,human,K,1.0999999999999999e-53,171.7,0,103,,,0.0,,0.0,209,1.87,X-RAY DIFFRACTION,0.185,2024-06-19,2024,test_new_234
8QH1:L,0,human,K,3.2e-54,173.4,0,104,,,0.0,,0.0,210,2.65,X-RAY DIFFRACTION,0.198,2024-06-19,2024,test_new_234
8QRG:L,0,human,K,2.0999999999999998e-55,177.2,0,107,,,0.0,,0.0,214,2.3,X-RAY DIFFRACTION,0.182,2024-05-08,2024,test_new_234
8QYA:L,0,human,K,2.7e-54,173.6,0,107,,,0.0,,0.0,214,2.72,X-RAY DIFFRACTION,0.244,2024-01-17,2024,test_new_234
8R1C:L,0,human,L,1.3e-51,165.2,0,108,,,0.0,,0.0,109,2.2,ELECTRON MICROSCOPY,,2024-03-13,2024,test_new_234
8R1D:L,0,human,L,7.9e-50,159.4,0,105,,,0.0,,0.0,106,2.37,ELECTRON MICROSCOPY,,2024-03-13,2024,test_new_234
8R8D:L,0,rhesus,L,1.0999999999999999e-53,171.9,0,107,,,0.0,,0.0,108,2.6,ELECTRON MICROSCOPY,,2023-12-13,2023,test_new_234
8R9Y:L,0,human,K,1.8e-57,183.9,0,107,,,0.0,,0.0,212,3.0,ELECTRON MICROSCOPY,,2024-06-05,2024,test_new_234
8R9Z:L,0,human,K,1.8e-57,183.9,0,107,,,0.0,,0.0,212,2.9,ELECTRON MICROSCOPY,,2024-06-05,2024,test_new_234
8RMO:L,0,human,K,8.7e-54,172.0,0,112,,,0.0,,0.0,211,1.163,X-RAY DIFFRACTION,0.158,2024-04-03,2024,test_new_234
8RP8:L,0,rhesus,K,5.6e-60,192.2,0,108,,,0.0,,0.0,214,2.0,X-RAY DIFFRACTION,0.18,2024-06-19,2024,test_new_234
8RPB:L,0,rhesus,L,9.6e-52,165.7,0,111,,,0.0,,0.0,215,2.794,X-RAY DIFFRACTION,0.229,2024-06-19,2024,test_new_234
8RUU:L,0,rhesus,K,4.1e-55,176.5,0,107,,,0.0,,0.0,213,2.81,X-RAY DIFFRACTION,0.204,2024-04-24,2024,test_new_234
8S6E:L,0,mouse,K,7.6e-46,146.4,0,107,,,0.0,,0.0,214,1.95,X-RAY DIFFRACTION,0.201,2024-06-26,2024,test_new_234
8S9G:L,0,human,K,1.8e-53,170.9,0,102,,,0.0,,0.0,103,3.0,ELECTRON MICROSCOPY,,2023-10-04,2023,test_new_234
8SAK:L,0,human,K,2.9e-53,170.3,0,104,,,0.0,,0.0,105,3.0,ELECTRON MICROSCOPY,,2023-10-04,2023,test_new_234
8SAQ:L,0,human,L,1.9e-48,154.9,0,108,,,0.0,,0.0,109,0.0,ELECTRON MICROSCOPY,,2023-04-19,2023,test_new_234
8SAR:L,0,human,L,7.4e-49,156.3,0,109,,,0.0,,0.0,110,0.0,ELECTRON MICROSCOPY,,2023-04-19,2023,test_new_234
8SAS:L,0,rhesus,L,4.7e-47,150.5,0,110,,,0.0,,0.0,111,0.0,ELECTRON MICROSCOPY,,2023-04-19,2023,test_new_234
8SAV:L,0,human,K,3.5e-40,128.0,0,100,,,0.0,,0.0,101,0.0,ELECTRON MICROSCOPY,,2023-04-19,2023,test_new_234
8SAW:L,0,rhesus,L,7.6e-54,172.5,0,109,,,0.0,,0.0,110,0.0,ELECTRON MICROSCOPY,,2023-04-19,2023,test_new_234
8SAX:L,0,rhesus,L,5.999999999999999e-54,172.8,0,110,,,0.0,,0.0,111,0.0,ELECTRON MICROSCOPY,,2023-04-19,2023,test_new_234
8SAY:L,0,rhesus,L,1.6999999999999998e-49,158.4,0,109,,,0.0,,0.0,110,0.0,ELECTRON MICROSCOPY,,2023-04-19,2023,test_new_234
8SB0:L,0,rhesus,L,3.1e-52,167.2,0,109,,,0.0,,0.0,110,0.0,ELECTRON MICROSCOPY,,2023-04-19,2023,test_new_234
8SB1:L,0,rhesus,L,8.8e-54,172.3,0,109,,,0.0,,0.0,110,0.0,ELECTRON MICROSCOPY,,2023-04-19,2023,test_new_234
8SB2:L,0,human,L,8.4e-51,162.5,0,109,,,0.0,,0.0,110,0.0,ELECTRON MICROSCOPY,,2023-04-19,2023,test_new_234
8SB3:L,0,rhesus,L,6.5e-50,159.8,0,109,,,0.0,,0.0,110,0.0,ELECTRON MICROSCOPY,,2023-04-19,2023,test_new_234
8SB5:L,0,human,L,8.7e-49,156.0,0,109,,,0.0,,0.0,110,0.0,ELECTRON MICROSCOPY,,2023-04-19,2023,test_new_234
8SCX:L,0,mouse,K,2.8e-52,167.3,0,110,,,0.0,,0.0,111,2.7,ELECTRON MICROSCOPY,,2023-06-21,2023,test_new_234
8SDF:L,0,human,L,1.9999999999999998e-54,174.2,0,111,,,0.0,,0.0,214,1.79,X-RAY DIFFRACTION,0.186,2024-03-13,2024,test_new_234
8SDG:L,0,human,K,2.1e-56,180.5,0,109,,,0.0,,0.0,213,2.71,X-RAY DIFFRACTION,0.255,2024-03-13,2024,test_new_234
8SEF:L,0,rhesus,L,3.8e-54,173.4,0,111,,,0.0,,0.0,215,2.47,X-RAY DIFFRACTION,0.222,2024-04-17,2024,test_new_234
8SGA:L,0,human,L,3e-49,157.5,0,109,,,0.0,,0.0,211,1.9,X-RAY DIFFRACTION,0.206,2024-04-17,2024,test_new_234
8SGG:L,0,rhesus,L,4.799999999999999e-53,169.9,0,116,,,0.0,,0.0,220,2.03,X-RAY DIFFRACTION,0.191,2024-04-17,2024,test_new_234
8SGI:L,0,mouse,L,6.2e-62,198.4,0,109,,,0.0,,0.0,110,2.9,ELECTRON MICROSCOPY,,2024-04-24,2024,test_new_234
8SGN:L,0,rhesus,L,3.8e-54,173.4,0,110,,,0.0,,0.0,214,2.2,X-RAY DIFFRACTION,0.193,2024-04-17,2024,test_new_234
8SGO:L,0,mouse,K,1.0000000000000001e-49,158.9,0,104,,,0.0,,0.0,105,2.65,ELECTRON MICROSCOPY,,2023-08-30,2023,test_new_234
8SH5:L,0,rhesus,K,2.2e-56,180.6,0,107,,,0.0,,0.0,214,2.75,X-RAY DIFFRACTION,0.251,2023-08-16,2023,test_new_234
8SI9:L,0,mouse,K,9.3e-51,162.3,0,105,,,0.0,,0.0,106,2.98,ELECTRON MICROSCOPY,,2023-08-30,2023,test_new_234
8SIC:L,0,rhesus,L,3.8e-54,173.4,0,111,,,0.0,,0.0,215,2.76,X-RAY DIFFRACTION,0.246,2024-04-17,2024,test_new_234
8SID:L,0,mouse,K,1.0000000000000001e-49,158.9,0,104,,,0.0,,0.0,105,2.71,ELECTRON MICROSCOPY,,2023-08-30,2023,test_new_234
8SIP:L,0,mouse,K,9.6e-58,184.9,0,111,,,0.0,,0.0,215,1.94,X-RAY DIFFRACTION,0.204,2024-02-07,2024,test_new_234
8SIQ:L,0,rhesus,K,8.3e-62,198.1,0,109,,,0.0,,0.0,216,2.5,X-RAY DIFFRACTION,0.247,2024-03-13,2024,test_new_234
8SIT:L,0,rhesus,L,1.4e-50,161.9,0,107,,,0.0,,0.0,209,2.91,X-RAY DIFFRACTION,0.261,2024-03-13,2024,test_new_234
8SJK:L,0,human,K,3.6999999999999998e-56,179.7,0,111,,,0.0,,0.0,218,2.22,X-RAY DIFFRACTION,0.186,2024-04-24,2024,test_new_234
8SLB:L,0,human,K,1.1e-56,181.4,0,107,,,0.0,,0.0,213,2.04,X-RAY DIFFRACTION,0.166,2023-06-07,2023,test_new_234
8SSZ:L,0,rhesus,K,3.2e-58,186.5,0,112,,,0.0,,0.0,218,2.64,ELECTRON MICROSCOPY,,2024-02-07,2024,test_new_234
8ST0:L,0,rhesus,K,3.2e-58,186.5,0,112,,,0.0,,0.0,218,2.4,ELECTRON MICROSCOPY,,2024-02-07,2024,test_new_234
8ST2:L,0,rhesus,K,3.2e-58,186.5,0,112,,,0.0,,0.0,218,2.94,ELECTRON MICROSCOPY,,2024-02-07,2024,test_new_234
8ST3:L,0,rhesus,K,3.2e-58,186.5,0,112,,,0.0,,0.0,218,2.93,ELECTRON MICROSCOPY,,2024-02-07,2024,test_new_234
8ST4:L,0,rhesus,K,3.2e-58,186.5,0,112,,,0.0,,0.0,218,2.35,ELECTRON MICROSCOPY,,2024-02-07,2024,test_new_234
8SVE:L,0,mouse,K,1.3999999999999999e-39,126.2,3,80,,,0.0,,0.0,184,2.4,X-RAY DIFFRACTION,0.188,2024-05-22,2024,test_new_234
8SXP:L,0,human,K,4.1e-60,192.5,0,107,,,0.0,,0.0,212,2.9,X-RAY DIFFRACTION,0.261,2024-03-20,2024,test_new_234
8SZY:L,0,human,K,9.1e-58,184.9,0,109,,,0.0,,0.0,215,2.31,X-RAY DIFFRACTION,0.227,2023-09-20,2023,test_new_234
8T03:L,0,mouse,K,2.6e-52,167.3,0,106,,,0.0,,0.0,107,2.72,ELECTRON MICROSCOPY,,2023-09-27,2023,test_new_234
8T04:L,0,mouse,K,2.6e-52,167.3,0,106,,,0.0,,0.0,107,2.98,ELECTRON MICROSCOPY,,2023-09-27,2023,test_new_234
8T0O:L,0,rabbit,K,1.4e-52,168.1,0,112,,,0.0,,0.0,217,2.3,X-RAY DIFFRACTION,0.215,2024-03-27,2024,test_new_234
8T51:L,0,rhesus,K,5e-55,176.2,0,112,,,0.0,,0.0,217,1.9,X-RAY DIFFRACTION,0.193,2024-06-19,2024,test_new_234
8T58:L,0,human,K,5.7e-52,166.1,0,103,,,0.0,,0.0,210,2.23,X-RAY DIFFRACTION,0.182,2023-11-29,2023,test_new_234
8T6I:L,0,human,K,1.3e-54,174.7,0,104,,,0.0,,0.0,208,2.55,X-RAY DIFFRACTION,0.194,2023-11-29,2023,test_new_234
8T7A:L,0,human,K,1.5e-59,190.6,0,112,,,0.0,,0.0,113,2.8,ELECTRON MICROSCOPY,,2023-09-13,2023,test_new_234
8T7G:L,0,rhesus,K,9.999999999999999e-57,181.6,0,107,,,0.0,,0.0,211,2.0,X-RAY DIFFRACTION,0.194,2023-11-22,2023,test_new_234
8T7I:L,0,rhesus,K,2.4e-37,119.0,0,91,,,0.0,,0.0,195,2.6,X-RAY DIFFRACTION,0.201,2023-11-22,2023,test_new_234
8T8I:L,0,human,K,9.899999999999999e-56,178.3,0,106,,,0.0,,0.0,210,2.52,X-RAY DIFFRACTION,0.191,2023-11-29,2023,test_new_234
8T9Y:L,0,human,K,1.7e-46,148.4,0,97,,,0.0,,0.0,201,2.52,X-RAY DIFFRACTION,0.214,2023-11-29,2023,test_new_234
8T9Z:L,0,human,K,2.1e-56,180.4,0,107,,,0.0,,0.0,212,2.995,X-RAY DIFFRACTION,0.244,2023-11-22,2023,test_new_234
8TBQ:L,0,human,K,4.9e-58,185.7,0,108,,,0.0,,0.0,214,2.593,X-RAY DIFFRACTION,0.237,2024-03-20,2024,test_new_234
8TCA:L,0,mouse,L,6.300000000000005e-60,191.9,0,109,,,0.0,,0.0,213,2.02,X-RAY DIFFRACTION,0.181,2024-02-07,2024,test_new_234
8TCO:L,0,rhesus,K,2.1e-54,174.1,0,107,,,0.0,,0.0,108,2.8,ELECTRON MICROSCOPY,,2023-08-09,2023,test_new_234
8TDX:L,0,human,K,1.4e-52,168.1,0,107,,,0.0,,0.0,213,2.09,X-RAY DIFFRACTION,0.204,2024-07-10,2024,test_new_234
8TFL:L,0,mouse,K,1.4e-49,158.6,0,106,,,0.0,,0.0,205,2.89,X-RAY DIFFRACTION,0.233,2024-04-17,2024,test_new_234
8TFN:L,0,human,K,7.4e-53,169.0,0,107,,,0.0,,0.0,199,2.54,X-RAY DIFFRACTION,0.245,2023-11-08,2023,test_new_234
8TFP:L,0,human,L,7.7e-47,149.7,0,106,,,0.0,,0.0,209,1.78,X-RAY DIFFRACTION,0.178,2023-08-16,2023,test_new_234
8TFQ:L,0,human,L,7.7e-47,149.7,0,106,,,0.0,,0.0,209,1.8,X-RAY DIFFRACTION,0.178,2023-08-16,2023,test_new_234
8TFR:L,0,human,L,7.5e-47,149.8,0,106,,,0.0,,0.0,207,2.99,X-RAY DIFFRACTION,0.211,2023-08-16,2023,test_new_234
8THN:L,0,mouse,K,1.7e-50,161.5,0,107,,,0.0,,0.0,212,2.9,X-RAY DIFFRACTION,0.246,2024-01-17,2024,test_new_234
8TI4:L,0,rhesus,K,8.5e-56,178.7,0,107,,,0.0,,0.0,210,2.1,X-RAY DIFFRACTION,0.201,2023-11-22,2023,test_new_234
8TJF:L,0,rhesus,K,8.5e-56,178.7,0,107,,,0.0,,0.0,210,2.3,X-RAY DIFFRACTION,0.208,2023-11-22,2023,test_new_234
8TJT:L,0,rhesus,K,7.4e-55,175.6,0,104,,,0.0,,0.0,210,2.7,X-RAY DIFFRACTION,0.204,2024-02-14,2024,test_new_234
8TLM:L,0,rabbit,K,7e-51,162.6,0,110,,,0.0,,0.0,215,2.9,ELECTRON MICROSCOPY,,2023-12-20,2023,test_new_234
8TM1:L,0,rhesus,K,7.499999999999999e-61,195.0,0,107,,,0.0,,0.0,108,2.79,ELECTRON MICROSCOPY,,2024-01-17,2024,test_new_234
8TOO:L,0,mouse,K,2.1e-53,170.9,0,107,,,0.0,,0.0,211,2.6,X-RAY DIFFRACTION,0.226,2024-03-27,2024,test_new_234
8TP5:L,0,human,L,2e-53,171.0,0,111,,,0.0,,0.0,112,2.9,ELECTRON MICROSCOPY,,2023-10-11,2023,test_new_234
8TP7:L,0,rhesus,L,8.1e-51,162.7,0,107,,,0.0,,0.0,108,2.8,ELECTRON MICROSCOPY,,2023-10-11,2023,test_new_234
8TPA:L,0,human,K,1.2e-56,181.2,0,106,,,0.0,,0.0,107,3.0,ELECTRON MICROSCOPY,,2023-10-11,2023,test_new_234
8TQ7:L,0,mouse,K,2.7e-48,154.4,0,106,,,0.0,,0.0,209,2.8,X-RAY DIFFRACTION,0.225,2024-03-20,2024,test_new_234
8TQ8:L,0,mouse,K,7.199999999999999e-55,175.6,0,112,,,0.0,,0.0,217,2.69,X-RAY DIFFRACTION,0.201,2024-03-20,2024,test_new_234
8TQ9:L,0,mouse,K,7.5e-44,140.0,0,107,,,0.0,,0.0,212,2.9,X-RAY DIFFRACTION,0.187,2024-03-20,2024,test_new_234
8TQA:L,0,mouse,K,7.6e-54,172.3,0,107,,,0.0,,0.0,213,2.6,X-RAY DIFFRACTION,0.181,2024-03-20,2024,test_new_234
8TRS:L,0,rhesus,K,9.200000000000001e-58,185.0,0,110,,,0.0,,0.0,215,1.9,X-RAY DIFFRACTION,0.18,2023-11-22,2023,test_new_234
8TRT:L,0,rhesus,K,9.1e-58,185.0,0,110,,,0.0,,0.0,214,3.0,X-RAY DIFFRACTION,0.194,2023-11-22,2023,test_new_234
8TS0:L,0,rhesus,K,1.3e-54,174.9,0,107,,,0.0,,0.0,212,1.7,X-RAY DIFFRACTION,0.173,2024-06-19,2024,test_new_234
8TS5:L,0,human,K,3.2e-57,183.1,0,108,,,0.0,,0.0,213,2.1,X-RAY DIFFRACTION,0.22,2023-11-22,2023,test_new_234
8TTW:L,0,rhesus,K,8.6e-48,152.8,0,107,,,0.0,,0.0,212,2.96,ELECTRON MICROSCOPY,,2023-11-08,2023,test_new_234
8TUI:L,0,human,K,6.9e-58,185.3,0,107,,,0.0,,0.0,212,2.75,X-RAY DIFFRACTION,0.211,2023-12-06,2023,test_new_234
8TV1:L,0,rhesus,K,6.4e-56,179.1,0,105,,,0.0,,0.0,210,2.6,X-RAY DIFFRACTION,0.202,2024-06-26,2024,test_new_234
8TXP:L,0,human,K,3.6e-58,186.2,0,107,,,0.0,,0.0,213,2.75,X-RAY DIFFRACTION,0.25,2024-06-26,2024,test_new_234
8TZW:L,0,rhesus,L,1.6e-51,164.9,0,108,,,0.0,,0.0,212,2.66,X-RAY DIFFRACTION,0.216,2024-06-12,2024,test_new_234
8U03:L,0,rhesus,L,3.3e-52,167.2,0,107,,,0.0,,0.0,211,2.72,X-RAY DIFFRACTION,0.22,2024-06-12,2024,test_new_234
8U08:L,0,rhesus,L,2.1e-52,167.8,0,107,,,0.0,,0.0,211,1.98,X-RAY DIFFRACTION,0.186,2024-06-12,2024,test_new_234
8U1C:L,0,human,K,4.2e-52,166.6,0,106,,,0.0,,0.0,107,2.89,ELECTRON MICROSCOPY,,2024-03-27,2024,test_new_234
8U2C:L,0,mouse,K,1.5999999999999998e-49,158.3,0,106,,,0.0,,0.0,107,2.5,ELECTRON MICROSCOPY,,2023-11-15,2023,test_new_234
8U31:L,0,human,K,3.6e-53,170.0,0,111,,,0.0,,0.0,216,2.73,X-RAY DIFFRACTION,0.199,2024-06-19,2024,test_new_234
8U32:L,0,human,K,3.7e-53,170.0,0,111,,,0.0,,0.0,218,2.51,X-RAY DIFFRACTION,0.195,2024-06-19,2024,test_new_234
8U4V:L,0,human,K,1.8999999999999999e-56,180.6,0,107,,,0.0,,0.0,213,2.99,ELECTRON MICROSCOPY,,2023-10-25,2023,test_new_234
8UCD:L,0,human,K,4.4e-54,173.0,0,104,,,0.0,,0.0,105,3.0,ELECTRON MICROSCOPY,,2023-11-22,2023,test_new_234
8UIW:L,0,rhesus,K,1.4e-56,181.2,0,107,,,0.0,,0.0,214,2.77,X-RAY DIFFRACTION,0.211,2024-04-10,2024,test_new_234
8UKY:L,0,mouse,K,4.599999999999999e-53,169.8,0,106,,,0.0,,0.0,213,2.398,X-RAY DIFFRACTION,0.215,2024-04-10,2024,test_new_234
8URF:L,0,mouse,K,1.3e-52,168.4,0,107,,,0.0,,0.0,211,1.9,X-RAY DIFFRACTION,0.166,2024-06-19,2024,test_new_234
8UT2:L,0,mouse,K,8.5e-51,162.5,0,106,,,0.0,,0.0,107,2.56,ELECTRON MICROSCOPY,,2024-07-03,2024,test_new_234
8UT3:L,0,rhesus,K,1.7e-57,184.2,0,106,,,0.0,,0.0,107,2.8,ELECTRON MICROSCOPY,,2024-05-08,2024,test_new_234
8V2E:L,0,rhesus,L,4.1e-46,147.5,0,108,,,0.0,,0.0,207,2.62,X-RAY DIFFRACTION,0.228,2024-06-12,2024,test_new_234
8V4F:L,0,rhesus,K,1.9999999999999998e-54,174.2,0,105,,,0.0,,0.0,106,2.68,ELECTRON MICROSCOPY,,2024-06-05,2024,test_new_234
8V52:L,0,rhesus,K,2.6e-58,186.8,0,111,,,0.0,,0.0,216,2.5,X-RAY DIFFRACTION,0.221,2024-04-10,2024,test_new_234
8VFU:L,0,rat,K,9.5e-50,159.1,0,107,,,0.0,,0.0,212,2.45,X-RAY DIFFRACTION,0.213,2024-02-21,2024,test_new_234
8VK2:L,0,human,L,4.6e-49,156.9,0,106,,,0.0,,0.0,209,2.508,X-RAY DIFFRACTION,0.198,2024-06-19,2024,test_new_234
8VTP:L,0,human,K,1.5e-56,180.9,0,107,,,0.0,,0.0,212,1.77,X-RAY DIFFRACTION,0.175,2024-07-10,2024,test_new_234
8VU4:L,0,human,K,2.3e-54,173.8,0,106,,,0.0,,0.0,211,2.35,X-RAY DIFFRACTION,0.208,2024-07-10,2024,test_new_234
8VUC:L,0,human,K,7.8999999999999985e-56,178.6,0,106,,,0.0,,0.0,211,2.5,X-RAY DIFFRACTION,0.204,2024-07-10,2024,test_new_234
8VUI:L,0,human,K,1.5e-56,180.9,0,107,,,0.0,,0.0,211,2.1,X-RAY DIFFRACTION,0.197,2024-07-10,2024,test_new_234
8VVB:L,0,human,K,1.4999999999999998e-49,158.3,0,98,,,0.0,,0.0,205,1.78,X-RAY DIFFRACTION,0.174,2024-05-22,2024,test_new_234
8VVM:L,0,human,K,1.5e-56,180.9,0,107,,,0.0,,0.0,212,2.9,X-RAY DIFFRACTION,0.219,2024-07-10,2024,test_new_234
8VZO:L,0,human,K,2.2e-35,112.5,1,66,,,0.0,,0.0,70,2.49,ELECTRON MICROSCOPY,,2024-05-01,2024,test_new_234
8W0V:L,0,rhesus,K,7.9e-57,182.0,0,107,,,0.0,,0.0,213,2.59,X-RAY DIFFRACTION,0.202,2024-03-27,2024,test_new_234
8W0W:L,0,rhesus,K,2e-57,183.9,0,107,,,0.0,,0.0,213,2.13,X-RAY DIFFRACTION,0.195,2024-03-27,2024,test_new_234
8W83:L,0,human,K,5.799999999999998e-55,175.8,0,108,,,0.0,,0.0,214,2.818,X-RAY DIFFRACTION,0.278,2023-11-08,2023,test_new_234
8W84:L,0,human,K,5.6e-55,175.8,0,108,,,0.0,,0.0,212,2.105,X-RAY DIFFRACTION,0.26,2023-11-08,2023,test_new_234
8W85:L,0,human,K,5.6e-54,172.6,0,106,,,0.0,,0.0,211,2.769,X-RAY DIFFRACTION,0.253,2023-11-08,2023,test_new_234
8W86:L,0,human,K,3.9e-54,173.1,0,105,,,0.0,,0.0,106,2.236,X-RAY DIFFRACTION,0.241,2023-11-08,2023,test_new_234
8W9H:L,0,mouse,K,7.6e-55,175.5,0,111,,,0.0,,0.0,216,2.0,X-RAY DIFFRACTION,0.189,2024-03-06,2024,test_new_234
8WEJ:L,0,mouse,K,2.7e-52,167.3,0,106,,,0.0,,0.0,107,2.79,ELECTRON MICROSCOPY,,2024-01-24,2024,test_new_234
8WO4:L,0,human,K,3.300000000000001e-59,189.5,0,107,,,0.0,,0.0,214,2.8,ELECTRON MICROSCOPY,,2024-05-08,2024,test_new_234
8WSN:L,0,human,K,1.7e-51,164.6,0,108,,,0.0,,0.0,213,2.8,X-RAY DIFFRACTION,0.24,2024-06-12,2024,test_new_234
8WSP:L,0,rhesus,L,1.2e-51,165.3,0,106,,,0.0,,0.0,209,2.51,X-RAY DIFFRACTION,0.195,2024-06-12,2024,test_new_234
8WSQ:L,0,human,L,1.1999999999999999e-54,174.9,0,109,,,0.0,,0.0,110,2.9,X-RAY DIFFRACTION,0.247,2023-11-15,2023,test_new_234
8X0T:L,0,rhesus,L,4.1e-47,150.7,0,106,,,0.0,,0.0,210,2.5,X-RAY DIFFRACTION,0.238,2023-11-22,2023,test_new_234
8X0Y:L,0,human,K,2.499999999999999e-55,176.9,0,106,,,0.0,,0.0,212,1.94,X-RAY DIFFRACTION,0.194,2024-06-05,2024,test_new_234
8X2L:L,0,mouse,K,2.7e-52,167.3,0,106,,,0.0,,0.0,107,2.99,ELECTRON MICROSCOPY,,2024-01-24,2024,test_new_234
8XI6:L,0,human,L,3.700000000000001e-44,141.1,0,102,,,0.0,,0.0,103,2.3,ELECTRON MICROSCOPY,,2024-04-24,2024,test_new_234
8XK6:L,0,mouse,K,3.899999999999999e-55,176.5,0,110,,,0.0,,0.0,111,2.45,X-RAY DIFFRACTION,0.231,2024-07-10,2024,test_new_234
8XN9:L,0,rhesus,L,6.400000000000001e-48,153.3,0,109,,,0.0,,0.0,211,1.99,ELECTRON MICROSCOPY,,2024-07-10,2024,test_new_234
8XNH:L,0,human,K,1.5e-54,174.5,0,106,,,0.0,,0.0,108,2.3,ELECTRON MICROSCOPY,,2024-07-10,2024,test_new_234
8Y6A:L,0,human,K,8.2e-56,178.5,0,107,,,0.0,,0.0,212,2.72,ELECTRON MICROSCOPY,,2024-07-03,2024,test_new_234
8Y6H:L,0,rhesus,K,1.6e-54,174.6,0,110,,,0.0,,0.0,166,2.49,ELECTRON MICROSCOPY,,2024-04-17,2024,test_new_234
8Y6I:L,0,rhesus,K,8.6e-58,185.1,0,113,,,0.0,,0.0,182,2.54,ELECTRON MICROSCOPY,,2024-04-17,2024,test_new_234
8YX1:L,0,human,K,1e-57,184.7,0,106,,,0.0,,0.0,211,2.7,X-RAY DIFFRACTION,0.204,2024-05-08,2024,test_new_234
8YX9:L,0,rhesus,K,1.4999999999999998e-62,200.5,0,112,,,0.0,,0.0,217,2.8,X-RAY DIFFRACTION,0.209,2024-05-08,2024,test_new_234
